Sample_ID,Sample_Name2,Description,index,I7_Index_ID,index2,I5_Index_ID,Sample_Project,Description2,Primer,sample_nc
NOV-001-S033,S033,Mu2084F_Ch01-02,CCCAACCT,A707,AAGGTTCA,A501,Cetacea_eDNA,Ch01-02,Mu2084F_Dc2438R,sample
NOV-001-S034,S034,Mu2084F_Ch03,CCCAACCT,A707,ACTTAGCA,A502,Cetacea_eDNA,Ch03,Mu2084F_Dc2438R,sample
NOV-001-S035,S035,Mu2084F_Ch04,CCCAACCT,A707,AGAGAACA,A503,Cetacea_eDNA,Ch04,Mu2084F_Dc2438R,sample
NOV-001-S036,S036,Mu2084F_Ch05,CCCAACCT,A707,GTGTCTTA,A504,Cetacea_eDNA,Ch05,Mu2084F_Dc2438R,sample
NOV-001-S037,S037,Mu2084F_Ch06-07,CCCAACCT,A707,TCGATTAG,A505,Cetacea_eDNA,Ch06-07,Mu2084F_Dc2438R,sample
NOV-001-S038,S038,Mu2084F_Ch08,CCCAACCT,A707,TGTTCTAG,A506,Cetacea_eDNA,Ch08,Mu2084F_Dc2438R,sample
NOV-001-S039,S039,Mu2084F_Ch09,CCCAACCT,A707,GGAACTTA,A507,Cetacea_eDNA,Ch09,Mu2084F_Dc2438R,sample
NOV-001-S040,S040,Mu2084F_Ch10_nc,CCCAACCT,A707,TAGGTCTA,A508,Cetacea_eDNA,Ch10_nc,Mu2084F_Dc2438R,nc
NOV-001-S041,S041,Mu2084F_OP01,CACCACAC,A708,AGGCTATA,D501,Cetacea_eDNA,OP01,Mu2084F_Dc2438R,sample
NOV-001-S042,S042,Mu2084F_OP02,CACCACAC,A708,GCCTCTAT,D502,Cetacea_eDNA,OP02,Mu2084F_Dc2438R,sample
NOV-001-S043,S043,Mu2084F_OP03_nc,CACCACAC,A708,AGGATAGG,D503,Cetacea_eDNA,OP03_nc,Mu2084F_Dc2438R,nc
NOV-001-S044,S044,Mu2084F_DNAex_nc01,CACCACAC,A708,TCAGAGCC,D504,Cetacea_eDNA,DNAex_nc01,Mu2084F_Dc2438R,nc
NOV-001-S045,S045,Mu2084F_DNAex_nc02,CACCACAC,A708,CTTCGCCT,D505,Cetacea_eDNA,DNAex_nc02,Mu2084F_Dc2438R,nc
NOV-001-S046,S046,Mu2084F_BT2,CACCACAC,A708,TAAGATTA,D506,Cetacea_eDNA,BT2,Mu2084F_Dc2438R,sample
NOV-001-S047,S047,Mu2084F_PCR_nc01,CACCACAC,A708,ACGTCCTG,D507,Cetacea_eDNA,PCR_nc01,Mu2084F_Dc2438R,nc
NOV-001-S048,S048,Mu2084F_PCR_nc02,CACCACAC,A708,GTCAGTAC,D508,Cetacea_eDNA,PCR_nc02,Mu2084F_Dc2438R,nc