"","Sample_ID","Sample_Name2","Description","index","I7_Index_ID","index2","I5_Index_ID","Sample_Project","Description2","Primer","sample_nc"
"S049","NOV-001-S049","S049","Mu9459F_Ch01-02","GAAACCCA","A709","AAGGTTCA","A501","Cetacea_eDNA","Ch01-02","Mu9459F_Mu9822R","sample"
"S050","NOV-001-S050","S050","Mu9459F_Ch03","GAAACCCA","A709","ACTTAGCA","A502","Cetacea_eDNA","Ch03","Mu9459F_Mu9822R","sample"
"S051","NOV-001-S051","S051","Mu9459F_Ch04","GAAACCCA","A709","AGAGAACA","A503","Cetacea_eDNA","Ch04","Mu9459F_Mu9822R","sample"
"S052","NOV-001-S052","S052","Mu9459F_Ch05","GAAACCCA","A709","GTGTCTTA","A504","Cetacea_eDNA","Ch05","Mu9459F_Mu9822R","sample"
"S053","NOV-001-S053","S053","Mu9459F_Ch06-07","GAAACCCA","A709","TCGATTAG","A505","Cetacea_eDNA","Ch06-07","Mu9459F_Mu9822R","sample"
"S054","NOV-001-S054","S054","Mu9459F_Ch08","GAAACCCA","A709","TGTTCTAG","A506","Cetacea_eDNA","Ch08","Mu9459F_Mu9822R","sample"
"S055","NOV-001-S055","S055","Mu9459F_Ch09","GAAACCCA","A709","GGAACTTA","A507","Cetacea_eDNA","Ch09","Mu9459F_Mu9822R","sample"
"S056","NOV-001-S056","S056","Mu9459F_Ch10_nc","GAAACCCA","A709","TAGGTCTA","A508","Cetacea_eDNA","Ch10_nc","Mu9459F_Mu9822R","nc"
"S057","NOV-001-S057","S057","Mu9459F_OP01","TGTGACCA","A710","AGGCTATA","D501","Cetacea_eDNA","OP01","Mu9459F_Mu9822R","sample"
"S058","NOV-001-S058","S058","Mu9459F_OP02","TGTGACCA","A710","GCCTCTAT","D502","Cetacea_eDNA","OP02","Mu9459F_Mu9822R","sample"
"S059","NOV-001-S059","S059","Mu9459F_OP03_nc","TGTGACCA","A710","AGGATAGG","D503","Cetacea_eDNA","OP03_nc","Mu9459F_Mu9822R","nc"
"S060","NOV-001-S060","S060","Mu9459F_DNAex_nc01","TGTGACCA","A710","TCAGAGCC","D504","Cetacea_eDNA","DNAex_nc01","Mu9459F_Mu9822R","nc"
"S061","NOV-001-S061","S061","Mu9459F_DNAex_nc02","TGTGACCA","A710","CTTCGCCT","D505","Cetacea_eDNA","DNAex_nc02","Mu9459F_Mu9822R","nc"
"S062","NOV-001-S062","S062","Mu9459F_BT2","TGTGACCA","A710","TAAGATTA","D506","Cetacea_eDNA","BT2","Mu9459F_Mu9822R","sample"
"S063","NOV-001-S063","S063","Mu9459F_PCR_nc01","TGTGACCA","A710","ACGTCCTG","D507","Cetacea_eDNA","PCR_nc01","Mu9459F_Mu9822R","nc"
"S064","NOV-001-S064","S064","Mu9459F_PCR_nc02","TGTGACCA","A710","GTCAGTAC","D508","Cetacea_eDNA","PCR_nc02","Mu9459F_Mu9822R","nc"
