"","Sample_ID","Sample_Name2","Description","Sample_Project","Description2","Primer","sample_nc","new_name"
"S001","NOV-001-S001","S001","Mu31F_Ch01-02","Cetacea_eDNA","Ch01-02","Mu31F_Dc320R","sample","Lagoon_main"
"S002","NOV-001-S002","S002","Mu31F_Ch03","Cetacea_eDNA","Ch03","Mu31F_Dc320R","sample","Lagoon_north"
"S003","NOV-001-S003","S003","Mu31F_Ch04","Cetacea_eDNA","Ch04","Mu31F_Dc320R","sample","Lagoon_south"
"S004","NOV-001-S004","S004","Mu31F_Ch05","Cetacea_eDNA","Ch05","Mu31F_Dc320R","sample","Reproduction_pool"
"S005","NOV-001-S005","S005","Mu31F_Ch06-07","Cetacea_eDNA","Ch06-07","Mu31F_Dc320R","sample","Main_pool"
"S006","NOV-001-S006","S006","Mu31F_Ch08","Cetacea_eDNA","Ch08","Mu31F_Dc320R","sample","Show_pool"
"S007","NOV-001-S007","S007","Mu31F_Ch09","Cetacea_eDNA","Ch09","Mu31F_Dc320R","sample","MedicalTrt_pool"
"S008","NOV-001-S008","S008","Mu31F_Ch10_nc","Cetacea_eDNA","Ch10_nc","Mu31F_Dc320R","nc","NC_ChField"
"S009","NOV-001-S009","S009","Mu31F_OP01","Cetacea_eDNA","OP01","Mu31F_Dc320R","sample","SaiKung_Surface"
"S010","NOV-001-S010","S010","Mu31F_OP02","Cetacea_eDNA","OP02","Mu31F_Dc320R","sample","SaiKung_Subsurface"
"S011","NOV-001-S011","S011","Mu31F_OP03_nc","Cetacea_eDNA","OP03_nc","Mu31F_Dc320R","nc","NC_OPField"
"S012","NOV-001-S012","S012","Mu31F_DNAex_nc01","Cetacea_eDNA","DNAex_nc01","Mu31F_Dc320R","nc","NC_DNAext1"
"S013","NOV-001-S013","S013","Mu31F_DNAex_nc02","Cetacea_eDNA","DNAex_nc02","Mu31F_Dc320R","nc","NC_DNAext2"
"S014","NOV-001-S014","S014","Mu31F_BT2","Cetacea_eDNA","BT2","Mu31F_Dc320R","sample","St_PM15"
"S015","NOV-001-S015","S015","Mu31F_PCR_nc01","Cetacea_eDNA","PCR_nc01","Mu31F_Dc320R","nc","NC_PCR1"
"S016","NOV-001-S016","S016","Mu31F_PCR_nc02","Cetacea_eDNA","PCR_nc02","Mu31F_Dc320R","nc","NC_PCR2"
"S017","NOV-001-S017","S017","Dc671F_Ch01-02","Cetacea_eDNA","Ch01-02","Dc671F_Dc1015R","sample","Lagoon_main"
"S018","NOV-001-S018","S018","Dc671F_Ch03","Cetacea_eDNA","Ch03","Dc671F_Dc1015R","sample","Lagoon_north"
"S019","NOV-001-S019","S019","Dc671F_Ch04","Cetacea_eDNA","Ch04","Dc671F_Dc1015R","sample","Lagoon_south"
"S020","NOV-001-S020","S020","Dc671F_Ch05","Cetacea_eDNA","Ch05","Dc671F_Dc1015R","sample","Reproduction_pool"
"S021","NOV-001-S021","S021","Dc671F_Ch06-07","Cetacea_eDNA","Ch06-07","Dc671F_Dc1015R","sample","Main_pool"
"S022","NOV-001-S022","S022","Dc671F_Ch08","Cetacea_eDNA","Ch08","Dc671F_Dc1015R","sample","Show_pool"
"S023","NOV-001-S023","S023","Dc671F_Ch09","Cetacea_eDNA","Ch09","Dc671F_Dc1015R","sample","MedicalTrt_pool"
"S024","NOV-001-S024","S024","Dc671F_Ch10_nc","Cetacea_eDNA","Ch10_nc","Dc671F_Dc1015R","nc","NC_ChField"
"S025","NOV-001-S025","S025","Dc671F_OP01","Cetacea_eDNA","OP01","Dc671F_Dc1015R","sample","SaiKung_Surface"
"S026","NOV-001-S026","S026","Dc671F_OP02","Cetacea_eDNA","OP02","Dc671F_Dc1015R","sample","SaiKung_Subsurface"
"S027","NOV-001-S027","S027","Dc671F_OP03_nc","Cetacea_eDNA","OP03_nc","Dc671F_Dc1015R","nc","NC_OPField"
"S028","NOV-001-S028","S028","Dc671F_DNAex_nc01","Cetacea_eDNA","DNAex_nc01","Dc671F_Dc1015R","nc","NC_DNAext1"
"S029","NOV-001-S029","S029","Dc671F_DNAex_nc02","Cetacea_eDNA","DNAex_nc02","Dc671F_Dc1015R","nc","NC_DNAext2"
"S030","NOV-001-S030","S030","Dc671F_BT2","Cetacea_eDNA","BT2","Dc671F_Dc1015R","sample","St_PM15"
"S031","NOV-001-S031","S031","Dc671F_PCR_nc01","Cetacea_eDNA","PCR_nc01","Dc671F_Dc1015R","nc","NC_PCR1"
"S032","NOV-001-S032","S032","Dc671F_PCR_nc02","Cetacea_eDNA","PCR_nc02","Dc671F_Dc1015R","nc","NC_PCR2"
"S033","NOV-001-S033","S033","Mu2084F_Ch01-02","Cetacea_eDNA","Ch01-02","Mu2084F_Dc2438R","sample","Lagoon_main"
"S034","NOV-001-S034","S034","Mu2084F_Ch03","Cetacea_eDNA","Ch03","Mu2084F_Dc2438R","sample","Lagoon_north"
"S035","NOV-001-S035","S035","Mu2084F_Ch04","Cetacea_eDNA","Ch04","Mu2084F_Dc2438R","sample","Lagoon_south"
"S036","NOV-001-S036","S036","Mu2084F_Ch05","Cetacea_eDNA","Ch05","Mu2084F_Dc2438R","sample","Reproduction_pool"
"S037","NOV-001-S037","S037","Mu2084F_Ch06-07","Cetacea_eDNA","Ch06-07","Mu2084F_Dc2438R","sample","Main_pool"
"S038","NOV-001-S038","S038","Mu2084F_Ch08","Cetacea_eDNA","Ch08","Mu2084F_Dc2438R","sample","Show_pool"
"S039","NOV-001-S039","S039","Mu2084F_Ch09","Cetacea_eDNA","Ch09","Mu2084F_Dc2438R","sample","MedicalTrt_pool"
"S040","NOV-001-S040","S040","Mu2084F_Ch10_nc","Cetacea_eDNA","Ch10_nc","Mu2084F_Dc2438R","nc","NC_ChField"
"S041","NOV-001-S041","S041","Mu2084F_OP01","Cetacea_eDNA","OP01","Mu2084F_Dc2438R","sample","SaiKung_Surface"
"S042","NOV-001-S042","S042","Mu2084F_OP02","Cetacea_eDNA","OP02","Mu2084F_Dc2438R","sample","SaiKung_Subsurface"
"S043","NOV-001-S043","S043","Mu2084F_OP03_nc","Cetacea_eDNA","OP03_nc","Mu2084F_Dc2438R","nc","NC_OPField"
"S044","NOV-001-S044","S044","Mu2084F_DNAex_nc01","Cetacea_eDNA","DNAex_nc01","Mu2084F_Dc2438R","nc","NC_DNAext1"
"S045","NOV-001-S045","S045","Mu2084F_DNAex_nc02","Cetacea_eDNA","DNAex_nc02","Mu2084F_Dc2438R","nc","NC_DNAext2"
"S046","NOV-001-S046","S046","Mu2084F_BT2","Cetacea_eDNA","BT2","Mu2084F_Dc2438R","sample","St_PM15"
"S047","NOV-001-S047","S047","Mu2084F_PCR_nc01","Cetacea_eDNA","PCR_nc01","Mu2084F_Dc2438R","nc","NC_PCR1"
"S048","NOV-001-S048","S048","Mu2084F_PCR_nc02","Cetacea_eDNA","PCR_nc02","Mu2084F_Dc2438R","nc","NC_PCR2"
"S049","NOV-001-S049","S049","Mu9459F_Ch01-02","Cetacea_eDNA","Ch01-02","Mu9459F_Mu9822R","sample","Lagoon_main"
"S050","NOV-001-S050","S050","Mu9459F_Ch03","Cetacea_eDNA","Ch03","Mu9459F_Mu9822R","sample","Lagoon_north"
"S051","NOV-001-S051","S051","Mu9459F_Ch04","Cetacea_eDNA","Ch04","Mu9459F_Mu9822R","sample","Lagoon_south"
"S052","NOV-001-S052","S052","Mu9459F_Ch05","Cetacea_eDNA","Ch05","Mu9459F_Mu9822R","sample","Reproduction_pool"
"S053","NOV-001-S053","S053","Mu9459F_Ch06-07","Cetacea_eDNA","Ch06-07","Mu9459F_Mu9822R","sample","Main_pool"
"S054","NOV-001-S054","S054","Mu9459F_Ch08","Cetacea_eDNA","Ch08","Mu9459F_Mu9822R","sample","Show_pool"
"S055","NOV-001-S055","S055","Mu9459F_Ch09","Cetacea_eDNA","Ch09","Mu9459F_Mu9822R","sample","MedicalTrt_pool"
"S056","NOV-001-S056","S056","Mu9459F_Ch10_nc","Cetacea_eDNA","Ch10_nc","Mu9459F_Mu9822R","nc","NC_ChField"
"S057","NOV-001-S057","S057","Mu9459F_OP01","Cetacea_eDNA","OP01","Mu9459F_Mu9822R","sample","SaiKung_Surface"
"S058","NOV-001-S058","S058","Mu9459F_OP02","Cetacea_eDNA","OP02","Mu9459F_Mu9822R","sample","SaiKung_Subsurface"
"S059","NOV-001-S059","S059","Mu9459F_OP03_nc","Cetacea_eDNA","OP03_nc","Mu9459F_Mu9822R","nc","NC_OPField"
"S060","NOV-001-S060","S060","Mu9459F_DNAex_nc01","Cetacea_eDNA","DNAex_nc01","Mu9459F_Mu9822R","nc","NC_DNAext1"
"S061","NOV-001-S061","S061","Mu9459F_DNAex_nc02","Cetacea_eDNA","DNAex_nc02","Mu9459F_Mu9822R","nc","NC_DNAext2"
"S062","NOV-001-S062","S062","Mu9459F_BT2","Cetacea_eDNA","BT2","Mu9459F_Mu9822R","sample","St_PM15"
"S063","NOV-001-S063","S063","Mu9459F_PCR_nc01","Cetacea_eDNA","PCR_nc01","Mu9459F_Mu9822R","nc","NC_PCR1"
"S064","NOV-001-S064","S064","Mu9459F_PCR_nc02","Cetacea_eDNA","PCR_nc02","Mu9459F_Mu9822R","nc","NC_PCR2"
"R001","OCI-004-R001","R001","MiMam_Ch01-02","Cetacea_eDNA","Ch01-02","MiMammalF-R","sample","Lagoon_main"
"R002","OCI-004-R002","R002","MiMam_Ch03","Cetacea_eDNA","Ch03","MiMammalF-R","sample","Lagoon_north"
"R003","OCI-004-R003","R003","MiMam_Ch04","Cetacea_eDNA","Ch04","MiMammalF-R","sample","Lagoon_south"
"R004","OCI-004-R004","R004","MiMam_Ch05","Cetacea_eDNA","Ch05","MiMammalF-R","sample","Reproduction_pool"
"R005","OCI-004-R005","R005","MiMam_Ch06-07","Cetacea_eDNA","Ch06-07","MiMammalF-R","sample","Main_pool"
"R006","OCI-004-R006","R006","MiMam_Ch08","Cetacea_eDNA","Ch08","MiMammalF-R","sample","Show_pool"
"R007","OCI-004-R007","R007","MiMam_Ch09","Cetacea_eDNA","Ch09","MiMammalF-R","sample","MedicalTrt_pool"
"R008","OCI-004-R008","R008","MiMam_OP01","Cetacea_eDNA","OP01","MiMammalF-R","sample","SaiKung_Surface"
"R009","OCI-004-R009","R009","MiMam_OP02","Cetacea_eDNA","OP02","MiMammalF-R","sample","SaiKung_Subsurface"
"R010","OCI-004-R010","R010","MiMam_BT2","Cetacea_eDNA","BT2","MiMammalF-R","sample","St_PM15"
"R011","OCI-004-R011","R011","MiMam_PCR_nc01","Cetacea_eDNA","PCR_nc01","MiMammalF-R","nc","NC_PCR1"
"R012","OCI-004-R012","R012","MiMam_PCR_nc02","Cetacea_eDNA","PCR_nc02","MiMammalF-R","nc","NC_PCR2"
"R013","OCI-004-R013","R013","Ceto2_Ch01-02","Cetacea_eDNA","Ch01-02","Ceto2F-R","sample","Lagoon_main"
"R014","OCI-004-R014","R014","Ceto2_Ch03","Cetacea_eDNA","Ch03","Ceto2F-R","sample","Lagoon_north"
"R015","OCI-004-R015","R015","Ceto2_Ch04","Cetacea_eDNA","Ch04","Ceto2F-R","sample","Lagoon_south"
"R016","OCI-004-R016","R016","Ceto2_Ch05","Cetacea_eDNA","Ch05","Ceto2F-R","sample","Reproduction_pool"
"R017","OCI-004-R017","R017","Ceto2_Ch06-07","Cetacea_eDNA","Ch06-07","Ceto2F-R","sample","Main_pool"
"R018","OCI-004-R018","R018","Ceto2_Ch08","Cetacea_eDNA","Ch08","Ceto2F-R","sample","Show_pool"
"R019","OCI-004-R019","R019","Ceto2_Ch09","Cetacea_eDNA","Ch09","Ceto2F-R","sample","MedicalTrt_pool"
"R020","OCI-004-R020","R020","Ceto2_OP01","Cetacea_eDNA","OP01","Ceto2F-R","sample","SaiKung_Surface"
"R021","OCI-004-R021","R021","Ceto2_OP02","Cetacea_eDNA","OP02","Ceto2F-R","sample","SaiKung_Subsurface"
"R022","OCI-004-R022","R022","Ceto2_BT2","Cetacea_eDNA","BT2","Ceto2F-R","sample","St_PM15"
"R023","OCI-004-R023","R023","Ceto2_PCR_nc01","Cetacea_eDNA","PCR_nc01","Ceto2F-R","nc","NC_PCR1"
"R024","OCI-004-R024","R024","Ceto2_PCR_nc02","Cetacea_eDNA","PCR_nc02","Ceto2F-R","nc","NC_PCR2"
