Taxa_ID,Genus_Species,Target,Order,Suborder,Family,Genus,Species,ncbi_id,URL
TX143,Bos taurus,non_target,Artiodactyla,Artiodactyla,Bovidae,Bos,taurus,NC_006853.1,https://www.ncbi.nlm.nih.gov/nuccore/NC_006853.1
TX144,Sus scrofa,non_target,Artiodactyla,Artiodactyla,Suidae,Sus,scrofa,NC_000845.1,https://www.ncbi.nlm.nih.gov/nuccore/NC_000845.1
TX145,Mus musculus,non_target,Rodentia,Myomorpha,Muridae,Mus,musculus,NC_005089.1,https://www.ncbi.nlm.nih.gov/nuccore/NC_005089.1
TX147,Felis catus,non_target,Carnivora,Feliformia,Felidae,Felis,catus,NC_001700.1,https://www.ncbi.nlm.nih.gov/nuccore/NC_001700.1
TX148,Canis lupus,non_target,Carnivora,Caniformia,Canidae,Canis,lupus,NC_008092.1,https://www.ncbi.nlm.nih.gov/nuccore/NC_008092.1
TX146,Homo sapiens,non_target,Primates,Haplorrhini,Hominidae,Homo,sapiens,NC_012920.1,https://www.ncbi.nlm.nih.gov/nuccore/NC_012920.1
TX149,Homo sapiens,non_target,Primates,Haplorrhini,Hominidae,Homo,sapiens,AY339432,https://www.ncbi.nlm.nih.gov/nuccore/AY339432
TX150,Homo sapiens,non_target,Primates,Haplorrhini,Hominidae,Homo,sapiens,AY339469,https://www.ncbi.nlm.nih.gov/nuccore/AY339469
TX151,Homo sapiens,non_target,Primates,Haplorrhini,Hominidae,Homo,sapiens,AY339522.2,https://www.ncbi.nlm.nih.gov/nuccore/AY339522.2
TX152,Homo sapiens,non_target,Primates,Haplorrhini,Hominidae,Homo,sapiens,AY339578.1,https://www.ncbi.nlm.nih.gov/nuccore/AY339578.1
TX006,Balaena mysticetus,target,Cetartiodactyla,Mysticeti,Balaenidae,Balaena,mysticetus,NC_005268.1,https://www.ncbi.nlm.nih.gov/nuccore/NC_005268.1
TX007,Eubalaena australis,target,Cetartiodactyla,Mysticeti,Balaenidae,Eubalaena,australis,NC_006930.1,https://www.ncbi.nlm.nih.gov/nuccore/NC_006930.1
TX008,Eubalaena glacialis,target,Cetartiodactyla,Mysticeti,Balaenidae,Eubalaena,glacialis,NC_037444.1,https://www.ncbi.nlm.nih.gov/nuccore/NC_037444.1
TX009,Eubalaena japonica,target,Cetartiodactyla,Mysticeti,Balaenidae,Eubalaena,japonica,NC_006931.1,https://www.ncbi.nlm.nih.gov/nuccore/NC_006931.1
TX010,Balaenoptera acutorostrata,target,Cetartiodactyla,Mysticeti,Balaenopteridae,Balaenoptera,acutorostrata,NC_005271.1,https://www.ncbi.nlm.nih.gov/nuccore/NC_005271.1
TX011,Balaenoptera bonaerensis,target,Cetartiodactyla,Mysticeti,Balaenopteridae,Balaenoptera,bonaerensis,NC_006926.1,https://www.ncbi.nlm.nih.gov/nuccore/NC_006926.1
TX012,Balaenoptera borealis,target,Cetartiodactyla,Mysticeti,Balaenopteridae,Balaenoptera,borealis,NC_006929.1,https://www.ncbi.nlm.nih.gov/nuccore/NC_006929.1
TX013,Balaenoptera brydei,target,Cetartiodactyla,Mysticeti,Balaenopteridae,Balaenoptera,brydei,NC_006928.1,https://www.ncbi.nlm.nih.gov/nuccore/NC_006928.1
TX014,Balaenoptera edeni,target,Cetartiodactyla,Mysticeti,Balaenopteridae,Balaenoptera,edeni,NC_007938.1,https://www.ncbi.nlm.nih.gov/nuccore/NC_007938.1
TX015,Balaenoptera musculus,target,Cetartiodactyla,Mysticeti,Balaenopteridae,Balaenoptera,musculus,NC_001601.1,https://www.ncbi.nlm.nih.gov/nuccore/NC_001601.1
TX016,Balaenoptera omurai,target,Cetartiodactyla,Mysticeti,Balaenopteridae,Balaenoptera,omurai,NC_007937.1,https://www.ncbi.nlm.nih.gov/nuccore/NC_007937.1
TX017,Balaenoptera physalus,target,Cetartiodactyla,Mysticeti,Balaenopteridae,Balaenoptera,physalus,NC_001321.1,https://www.ncbi.nlm.nih.gov/nuccore/NC_001321.1
TX018,Megaptera novaeangliae,target,Cetartiodactyla,Mysticeti,Balaenopteridae,Megaptera,novaeangliae,NC_006927.1,https://www.ncbi.nlm.nih.gov/nuccore/NC_006927.1
TX019,Eschrichtius robustus,target,Cetartiodactyla,Mysticeti,Eschrichtiidae,Eschrichtius,robustus,NC_005270.1,https://www.ncbi.nlm.nih.gov/nuccore/NC_005270.1
TX020,Caperea marginata,target,Cetartiodactyla,Mysticeti,Neobalaenidae,Caperea,marginata,NC_005269.1,https://www.ncbi.nlm.nih.gov/nuccore/NC_005269.1
TX021,Cephalorhynchus commersonii,target,Cetartiodactyla,Odontoceti,Delphinidae,Cephalorhynchus,commersonii,NC_060610.1,https://www.ncbi.nlm.nih.gov/nuccore/NC_060610.1
TX023,Cephalorhynchus heavisidii,target,Cetartiodactyla,Odontoceti,Delphinidae,Cephalorhynchus,heavisidii,NC_020696.1,https://www.ncbi.nlm.nih.gov/nuccore/NC_020696.1
TX025,Delphinus capensis,target,Cetartiodactyla,Odontoceti,Delphinidae,Delphinus,capensis,NC_012061.1,https://www.ncbi.nlm.nih.gov/nuccore/NC_012061.1
TX026,Delphinus delphis,target,Cetartiodactyla,Odontoceti,Delphinidae,Delphinus,delphis,NC_036415.1,https://www.ncbi.nlm.nih.gov/nuccore/NC_036415.1
TX027,Feresa attenuata,target,Cetartiodactyla,Odontoceti,Delphinidae,Feresa,attenuata,NC_019588.1,https://www.ncbi.nlm.nih.gov/nuccore/NC_019588.1
TX028,Globicephala macrorhynchus,target,Cetartiodactyla,Odontoceti,Delphinidae,Globicephala,macrorhynchus,NC_019578.2,https://www.ncbi.nlm.nih.gov/nuccore/NC_019578.2
TX029,Globicephala melas,target,Cetartiodactyla,Odontoceti,Delphinidae,Globicephala,melas,NC_019441.1,https://www.ncbi.nlm.nih.gov/nuccore/NC_019441.1
TX030,Grampus griseus,target,Cetartiodactyla,Odontoceti,Delphinidae,Grampus,griseus,NC_012062.1,https://www.ncbi.nlm.nih.gov/nuccore/NC_012062.1
TX031,Lagenodelphis hosei,target,Cetartiodactyla,Odontoceti,Delphinidae,Lagenodelphis,hosei,NC_037848.1,https://www.ncbi.nlm.nih.gov/nuccore/NC_037848.1
TX032,Lagenorhynchus acutus,target,Cetartiodactyla,Odontoceti,Delphinidae,Lagenorhynchus,acutus,NC_050265.1,https://www.ncbi.nlm.nih.gov/nuccore/NC_050265.1
TX033,Lagenorhynchus albirostris,target,Cetartiodactyla,Odontoceti,Delphinidae,Lagenorhynchus,albirostris,NC_005278.1,https://www.ncbi.nlm.nih.gov/nuccore/NC_005278.1
TX036,Lagenorhynchus obliquidens,target,Cetartiodactyla,Odontoceti,Delphinidae,Lagenorhynchus,obliquidens,NC_035426.1,https://www.ncbi.nlm.nih.gov/nuccore/NC_035426.1
TX040,Orcaella brevirostris,target,Cetartiodactyla,Odontoceti,Delphinidae,Orcaella,brevirostris,NC_019590.1,https://www.ncbi.nlm.nih.gov/nuccore/NC_019590.1
TX041,Orcaella heinsohni,target,Cetartiodactyla,Odontoceti,Delphinidae,Orcaella,heinsohni,NC_019591.1,https://www.ncbi.nlm.nih.gov/nuccore/NC_019591.1
TX042,Orcinus orca,target,Cetartiodactyla,Odontoceti,Delphinidae,Orcinus,orca,NC_064558.1,https://www.ncbi.nlm.nih.gov/nuccore/NC_064558.1
TX043,Peponocephala electra,target,Cetartiodactyla,Odontoceti,Delphinidae,Peponocephala,electra,NC_019589.1,https://www.ncbi.nlm.nih.gov/nuccore/NC_019589.1
TX044,Pseudorca crassidens,target,Cetartiodactyla,Odontoceti,Delphinidae,Pseudorca,crassidens,NC_019577.1,https://www.ncbi.nlm.nih.gov/nuccore/NC_019577.1
TX047,Sousa chinensis,target,Cetartiodactyla,Odontoceti,Delphinidae,Sousa,chinensis,NC_012057.1,https://www.ncbi.nlm.nih.gov/nuccore/NC_012057.1
TX050,Sousa teuszii,target,Cetartiodactyla,Odontoceti,Delphinidae,Sousa,teuszii,NC_045404.1,https://www.ncbi.nlm.nih.gov/nuccore/NC_045404.1
TX051,Stenella attenuata,target,Cetartiodactyla,Odontoceti,Delphinidae,Stenella,attenuata,NC_012051.1,https://www.ncbi.nlm.nih.gov/nuccore/NC_012051.1
TX052,Stenella clymene,target,Cetartiodactyla,Odontoceti,Delphinidae,Stenella,clymene,NC_060611.1,https://www.ncbi.nlm.nih.gov/nuccore/NC_060611.1
TX053,Stenella coeruleoalba,target,Cetartiodactyla,Odontoceti,Delphinidae,Stenella,coeruleoalba,NC_012053.1,https://www.ncbi.nlm.nih.gov/nuccore/NC_012053.1
TX054,Stenella frontalis,target,Cetartiodactyla,Odontoceti,Delphinidae,Stenella,frontalis,NC_060612.1,https://www.ncbi.nlm.nih.gov/nuccore/NC_060612.1
TX055,Stenella longirostris,target,Cetartiodactyla,Odontoceti,Delphinidae,Stenella,longirostris,NC_032301.1,https://www.ncbi.nlm.nih.gov/nuccore/NC_032301.1
TX056,Steno bredanensis,target,Cetartiodactyla,Odontoceti,Delphinidae,Steno,bredanensis,NC_042761.1,https://www.ncbi.nlm.nih.gov/nuccore/NC_042761.1
TX057,Tursiops aduncus,target,Cetartiodactyla,Odontoceti,Delphinidae,Tursiops,aduncus,NC_012058.1,https://www.ncbi.nlm.nih.gov/nuccore/NC_012058.1
TX058,Tursiops australis,target,Cetartiodactyla,Odontoceti,Delphinidae,Tursiops,australis,NC_022805.1,https://www.ncbi.nlm.nih.gov/nuccore/NC_022805.1
TX060,Tursiops truncatus,target,Cetartiodactyla,Odontoceti,Delphinidae,Tursiops,truncatus,NC_012059.1,https://www.ncbi.nlm.nih.gov/nuccore/NC_012059.1
TX061,Delphinapterus leucas,target,Cetartiodactyla,Odontoceti,Monodontidae,Delphinapterus,leucas,NC_034236.1,https://www.ncbi.nlm.nih.gov/nuccore/NC_034236.1
TX062,Monodon monoceros,target,Cetartiodactyla,Odontoceti,Monodontidae,Monodon,monoceros,NC_005279.1,https://www.ncbi.nlm.nih.gov/nuccore/NC_005279.1
TX063,Neophocaena asiaeorientalis,target,Cetartiodactyla,Odontoceti,Phocoenidae,Neophocaena,asiaeorientalis,NC_026456.1,https://www.ncbi.nlm.nih.gov/nuccore/NC_026456.1
TX064,Neophocaena phocaenoides,target,Cetartiodactyla,Odontoceti,Phocoenidae,Neophocaena,phocaenoides,NC_021461.1,https://www.ncbi.nlm.nih.gov/nuccore/NC_021461.1
TX065,Phocoena dioptrica,target,Cetartiodactyla,Odontoceti,Phocoenidae,Phocoena,dioptrica,NC_053752.1,https://www.ncbi.nlm.nih.gov/nuccore/NC_053752.1
TX066,Phocoena phocoena,target,Cetartiodactyla,Odontoceti,Phocoenidae,Phocoena,phocoena,NC_005280.1,https://www.ncbi.nlm.nih.gov/nuccore/NC_005280.1
TX067,Phocoena sinus,target,Cetartiodactyla,Odontoceti,Phocoenidae,Phocoena,sinus,NC_053751.1,https://www.ncbi.nlm.nih.gov/nuccore/NC_053751.1
TX068,Phocoena spinipinnis,target,Cetartiodactyla,Odontoceti,Phocoenidae,Phocoena,spinipinnis,NC_053750.1,https://www.ncbi.nlm.nih.gov/nuccore/NC_053750.1
TX069,Phocoenoides dalli,target,Cetartiodactyla,Odontoceti,Phocoenidae,Phocoenoides,dalli,NC_053753.1,https://www.ncbi.nlm.nih.gov/nuccore/NC_053753.1
TX070,Kogia breviceps,target,Cetartiodactyla,Odontoceti,Physeteridae,Kogia,breviceps,NC_005272.1,https://www.ncbi.nlm.nih.gov/nuccore/NC_005272.1
TX071,Kogia sima,target,Cetartiodactyla,Odontoceti,Physeteridae,Kogia,sima,NC_041303.1,https://www.ncbi.nlm.nih.gov/nuccore/NC_041303.1
TX072,Physeter macrocephalus,target,Cetartiodactyla,Odontoceti,Physeteridae,Physeter,macrocephalus,NC_002503.2,https://www.ncbi.nlm.nih.gov/nuccore/NC_002503.2
TX073,Platanista gangetica,target,Cetartiodactyla,Odontoceti,Platanistidae,Platanista,gangetica,NC_057433.1,https://www.ncbi.nlm.nih.gov/nuccore/NC_057433.1
TX074,Platanista minor,target,Cetartiodactyla,Odontoceti,Platanistidae,Platanista,minor,NC_005275.1,https://www.ncbi.nlm.nih.gov/nuccore/NC_005275.1
TX077,Inia geoffrensis,target,Cetartiodactyla,Odontoceti,Iniidae,Inia,geoffrensis,NC_005276.1,https://www.ncbi.nlm.nih.gov/nuccore/NC_005276.1
TX078,Lipotes vexillifer,target,Cetartiodactyla,Odontoceti,Iniidae,Lipotes,vexillifer,NC_007629.1,https://www.ncbi.nlm.nih.gov/nuccore/NC_007629.1
TX079,Pontoporia blainvillei,target,Cetartiodactyla,Odontoceti,Iniidae,Pontoporia,blainvillei,NC_005277.1,https://www.ncbi.nlm.nih.gov/nuccore/NC_005277.1
TX081,Berardius bairdii,target,Cetartiodactyla,Odontoceti,Ziphiidae,Berardius,bairdii,NC_005274.1,https://www.ncbi.nlm.nih.gov/nuccore/NC_005274.1
TX082,Hyperoodon ampullatus,target,Cetartiodactyla,Odontoceti,Ziphiidae,Hyperoodon,ampullatus,NC_005273.1,https://www.ncbi.nlm.nih.gov/nuccore/NC_005273.1
TX084,Indopacetus pacificus,target,Cetartiodactyla,Odontoceti,Ziphiidae,Indopacetus,pacificus,NC_034348.1,https://www.ncbi.nlm.nih.gov/nuccore/NC_034348.1
TX085,Mesoplodon bidens,target,Cetartiodactyla,Odontoceti,Ziphiidae,Mesoplodon,bidens,NC_042218.1,https://www.ncbi.nlm.nih.gov/nuccore/NC_042218.1
TX088,Mesoplodon densirostris,target,Cetartiodactyla,Odontoceti,Ziphiidae,Mesoplodon,densirostris,NC_021974.2,https://www.ncbi.nlm.nih.gov/nuccore/NC_021974.2
TX089,Mesoplodon europaeus,target,Cetartiodactyla,Odontoceti,Ziphiidae,Mesoplodon,europaeus,NC_021434.2,https://www.ncbi.nlm.nih.gov/nuccore/NC_021434.2
TX090,Mesoplodon ginkgodens,target,Cetartiodactyla,Odontoceti,Ziphiidae,Mesoplodon,ginkgodens,NC_027593.1,https://www.ncbi.nlm.nih.gov/nuccore/NC_027593.1
TX091,Mesoplodon grayi,target,Cetartiodactyla,Odontoceti,Ziphiidae,Mesoplodon,grayi,NC_023830.1,https://www.ncbi.nlm.nih.gov/nuccore/NC_023830.1
TX095,Mesoplodon mirus,target,Cetartiodactyla,Odontoceti,Ziphiidae,Mesoplodon,mirus,NC_042217.1,https://www.ncbi.nlm.nih.gov/nuccore/NC_042217.1
TX098,Mesoplodon stejnegeri,target,Cetartiodactyla,Odontoceti,Ziphiidae,Mesoplodon,stejnegeri,NC_036997.1,https://www.ncbi.nlm.nih.gov/nuccore/NC_036997.1
TX101,Ziphius cavirostris,target,Cetartiodactyla,Odontoceti,Ziphiidae,Ziphius,cavirostris,NC_021435.1,https://www.ncbi.nlm.nih.gov/nuccore/NC_021435.1
TX001,Dugong dugon,non_target,Sirenia,Sirenia,Dugongidae,Dugong,dugon,NC_003314.1,https://www.ncbi.nlm.nih.gov/nuccore/NC_003314.1
TX004,Trichechus manatus,non_target,Sirenia,Sirenia,Trichechidae,Trichechus,manatus,NC_010302.1,https://www.ncbi.nlm.nih.gov/nuccore/NC_010302.1
TX141,Hippopotamus amphibius,non_target,Artiodactyla,Artiodactyla,Hippopotamidae,Hippopotamus,amphibius,NC_000889.1,https://www.ncbi.nlm.nih.gov/nuccore/NC_000889.1
TX142,Choeropsis liberiensis,non_target,Artiodactyla,Artiodactyla,Hippopotamidae,Choeropsis,liberiensis,NC_020697.1,https://www.ncbi.nlm.nih.gov/nuccore/NC_020697.1
TX102,Arctocephalus australis,non_target,Carnivora,Caniformia,Otariidae,Arctocephalus,australis,NC_063561.1,https://www.ncbi.nlm.nih.gov/nuccore/NC_063561.1
TX103,Arctocephalus forsteri,non_target,Carnivora,Caniformia,Otariidae,Arctocephalus,forsteri,NC_004023.1,https://www.ncbi.nlm.nih.gov/nuccore/NC_004023.1
TX107,Arctocephalus pusillus,non_target,Carnivora,Caniformia,Otariidae,Arctocephalus,pusillus,NC_008417.1,https://www.ncbi.nlm.nih.gov/nuccore/NC_008417.1
TX108,Arctocephalus townsendi,non_target,Carnivora,Caniformia,Otariidae,Arctocephalus,townsendi,NC_008420.1,https://www.ncbi.nlm.nih.gov/nuccore/NC_008420.1
TX110,Callorhinus ursinus,non_target,Carnivora,Caniformia,Otariidae,Callorhinus,ursinus,NC_008415.3,https://www.ncbi.nlm.nih.gov/nuccore/NC_008415.3
TX111,Eumetopias jubatus,non_target,Carnivora,Caniformia,Otariidae,Eumetopias,jubatus,NC_004030.2,https://www.ncbi.nlm.nih.gov/nuccore/NC_004030.2
TX112,Neophoca cinerea,non_target,Carnivora,Caniformia,Otariidae,Neophoca,cinerea,NC_008419.1,https://www.ncbi.nlm.nih.gov/nuccore/NC_008419.1
TX113,Otaria byronia,non_target,Carnivora,Caniformia,Otariidae,Otaria,byronia,NC_049152.1,https://www.ncbi.nlm.nih.gov/nuccore/NC_049152.1
TX114,Phocarctos hookeri,non_target,Carnivora,Caniformia,Otariidae,Phocarctos,hookeri,NC_008418.1,https://www.ncbi.nlm.nih.gov/nuccore/NC_008418.1
TX115,Zalophus californianus,non_target,Carnivora,Caniformia,Otariidae,Zalophus,californianus,NC_008416.1,https://www.ncbi.nlm.nih.gov/nuccore/NC_008416.1
TX116,Zalophus japonicus,non_target,Carnivora,Caniformia,Otariidae,Zalophus,japonicus,NC_058016.1,https://www.ncbi.nlm.nih.gov/nuccore/NC_058016.1
TX117,Zalophus wollebaeki,non_target,Carnivora,Caniformia,Otariidae,Zalophus,wollebaeki,NC_062331.1,https://www.ncbi.nlm.nih.gov/nuccore/NC_062331.1
TX118,Odobenus rosmarus,non_target,Carnivora,Caniformia,Odobenidae,Odobenus,rosmarus,NC_004029.2,https://www.ncbi.nlm.nih.gov/nuccore/NC_004029.2
TX119,Cystophora cristata,non_target,Carnivora,Caniformia,Phocidae,Cystophora,cristata,NC_008427.1,https://www.ncbi.nlm.nih.gov/nuccore/NC_008427.1
TX120,Erignathus barbatus,non_target,Carnivora,Caniformia,Phocidae,Erignathus,barbatus,NC_008426.1,https://www.ncbi.nlm.nih.gov/nuccore/NC_008426.1
TX121,Halichoerus grypus,non_target,Carnivora,Caniformia,Phocidae,Halichoerus,grypus,NC_001602.1,https://www.ncbi.nlm.nih.gov/nuccore/NC_001602.1
TX122,Histriophoca fasciata,non_target,Carnivora,Caniformia,Phocidae,Histriophoca,fasciata,NC_008428.1,https://www.ncbi.nlm.nih.gov/nuccore/NC_008428.1
TX123,Hydrurga leptonyx,non_target,Carnivora,Caniformia,Phocidae,Hydrurga,leptonyx,NC_008425.1,https://www.ncbi.nlm.nih.gov/nuccore/NC_008425.1
TX124,Leptonychotes weddellii,non_target,Carnivora,Caniformia,Phocidae,Leptonychotes,weddellii,NC_008424.1,https://www.ncbi.nlm.nih.gov/nuccore/NC_008424.1
TX125,Lobodon carcinophaga,non_target,Carnivora,Caniformia,Phocidae,Lobodon,carcinophaga,NC_008423.1,https://www.ncbi.nlm.nih.gov/nuccore/NC_008423.1
TX127,Mirounga leonina,non_target,Carnivora,Caniformia,Phocidae,Mirounga,leonina,NC_008422.1,https://www.ncbi.nlm.nih.gov/nuccore/NC_008422.1
TX128,Monachus monachus,non_target,Carnivora,Caniformia,Phocidae,Monachus,monachus,NC_044972.1,https://www.ncbi.nlm.nih.gov/nuccore/NC_044972.1
TX129,Neomonachus schauinslandi,non_target,Carnivora,Caniformia,Phocidae,Neomonachus,schauinslandi,NC_008421.1,https://www.ncbi.nlm.nih.gov/nuccore/NC_008421.1
TX132,Pagophilus groenlandicus,non_target,Carnivora,Caniformia,Phocidae,Pagophilus,groenlandicus,NC_008429.1,https://www.ncbi.nlm.nih.gov/nuccore/NC_008429.1
TX133,Phoca largha,non_target,Carnivora,Caniformia,Phocidae,Phoca,largha,NC_008430.1,https://www.ncbi.nlm.nih.gov/nuccore/NC_008430.1
TX134,Phoca vitulina,non_target,Carnivora,Caniformia,Phocidae,Phoca,vitulina,NC_001325.1,https://www.ncbi.nlm.nih.gov/nuccore/NC_001325.1
TX135,Pusa caspica,non_target,Carnivora,Caniformia,Phocidae,Pusa,caspica,NC_008431.1,https://www.ncbi.nlm.nih.gov/nuccore/NC_008431.1
TX136,Pusa hispida,non_target,Carnivora,Caniformia,Phocidae,Pusa,hispida,NC_008433.1,https://www.ncbi.nlm.nih.gov/nuccore/NC_008433.1
TX137,Pusa sibirica,non_target,Carnivora,Caniformia,Phocidae,Pusa,sibirica,NC_008432.1,https://www.ncbi.nlm.nih.gov/nuccore/NC_008432.1
TX138,Ursus maritimus,non_target,Carnivora,Caniformia,Ursidae,Ursus,maritimus,NC_003428.1,https://www.ncbi.nlm.nih.gov/nuccore/NC_003428.1
TX139,Enhydra lutris,non_target,Carnivora,Caniformia,Mustelidae,Enhydra,lutris,NC_009692.1,https://www.ncbi.nlm.nih.gov/nuccore/NC_009692.1
TX140,Lontra felina,non_target,Carnivora,Caniformia,Mustelidae,Lontra,felina,NC_079648.1,https://www.ncbi.nlm.nih.gov/nuccore/NC_079648.1