"","OTU00001","OTU00002","OTU00003","OTU00004","OTU00005","OTU00006","OTU00007","OTU00008","OTU00009","OTU00010","OTU00011","OTU00012","OTU00013","OTU00014","OTU00015","OTU00016","OTU00017","OTU00018","OTU00019","OTU00020","OTU00021","OTU00022","OTU00023","OTU00024","OTU00025","OTU00026","OTU00027","OTU00028","OTU00029","OTU00030","OTU00031","OTU00032","OTU00033","OTU00034","OTU00035","OTU00036","OTU00037","OTU00038","OTU00039","OTU00040","OTU00041","OTU00042","OTU00043","OTU00044","OTU00045","OTU00046","OTU00047","OTU00048","OTU00049","OTU00050","OTU00051","OTU00052","OTU00053","OTU00054","OTU00055","OTU00056","OTU00057","OTU00058","OTU00059","OTU00060","OTU00061","OTU00062","OTU00063","OTU00064","OTU00065","OTU00066","OTU00067","OTU00068","OTU00069","OTU00070","OTU00071","OTU00072","OTU00073","OTU00074","OTU00075","OTU00076","OTU00077","OTU00078","OTU00079","OTU00080","OTU00081","OTU00082","OTU00083","OTU00084","OTU00085","OTU00086","OTU00087","OTU00088","OTU00089","OTU00090","OTU00091","OTU00092","OTU00093","OTU00094","OTU00095","OTU00096","OTU00097","OTU00098","OTU00099","OTU00100","OTU00101","OTU00102","OTU00103","OTU00104","OTU00105","OTU00106","OTU00107","OTU00108","OTU00109","OTU00110","OTU00111","OTU00112","OTU00113","OTU00114","OTU00115","OTU00116","OTU00117","OTU00118","OTU00119","OTU00120","OTU00121","OTU00122","OTU00123","OTU00124","OTU00125","OTU00126","OTU00127","OTU00128","OTU00129","OTU00130","OTU00131","OTU00132","OTU00133","OTU00134","OTU00135","OTU00136","OTU00137","OTU00138","OTU00139","OTU00140","OTU00141","OTU00142","OTU00143","OTU00144","OTU00145","OTU00146","OTU00147","OTU00148","OTU00149","OTU00150","OTU00151","OTU00152","OTU00153","OTU00154","OTU00155","OTU00156","OTU00157","OTU00158","OTU00159","OTU00160","OTU00161","OTU00162","OTU00163","OTU00164","OTU00165","OTU00166","OTU00167","OTU00168","OTU00169","OTU00170","OTU00171","OTU00172","OTU00173","OTU00174","OTU00175","OTU00176","OTU00177","OTU00178","OTU00179","OTU00180","OTU00181","OTU00182","OTU00183","OTU00184","OTU00185","OTU00186","OTU00187","OTU00188","OTU00189","OTU00190","OTU00191","OTU00192","OTU00193","OTU00194","OTU00195","OTU00196","OTU00197","OTU00198","OTU00199","OTU00200","OTU00201","OTU00202","OTU00203","OTU00204","OTU00205","OTU00206","OTU00207","OTU00208","OTU00209","OTU00210","OTU00211","OTU00212","OTU00213","OTU00214","OTU00215","OTU00216","OTU00217","OTU00218","OTU00219","OTU00220","OTU00221","OTU00222","OTU00223","OTU00224","OTU00225","OTU00226","OTU00227","OTU00228","OTU00229","OTU00230","OTU00231","OTU00232","OTU00233","OTU00234","OTU00235","OTU00236","OTU00237","OTU00238","OTU00239","OTU00240","OTU00241","OTU00242","OTU00243","OTU00244","OTU00245","OTU00246","OTU00247","OTU00248","OTU00249","OTU00250","OTU00251","OTU00252","OTU00253","OTU00254","OTU00255","OTU00256","OTU00257","OTU00258","OTU00259","OTU00260","OTU00261","OTU00262","OTU00263","OTU00264","OTU00265","OTU00266","OTU00267","OTU00268","OTU00269","OTU00270","OTU00271","OTU00272","OTU00273","OTU00274","OTU00275","OTU00276","OTU00277","OTU00278","OTU00279","OTU00280","OTU00281","OTU00282","OTU00283","OTU00284","OTU00285","OTU00286","OTU00287","OTU00288","OTU00289","OTU00290","OTU00291","OTU00292","OTU00293","OTU00294","OTU00295","OTU00296","OTU00297","OTU00298","OTU00299","OTU00300","OTU00301","OTU00302","OTU00303","OTU00304","OTU00305","OTU00306","OTU00307","OTU00308","OTU00309","OTU00310","OTU00311","OTU00312","OTU00313","OTU00314","OTU00315","OTU00316","OTU00317","OTU00318","OTU00319","OTU00320","OTU00321","OTU00322","OTU00323","OTU00324","OTU00325","OTU00326","OTU00327","OTU00328","OTU00329","OTU00330","OTU00331","OTU00332","OTU00333","OTU00334","OTU00335","OTU00336","OTU00337","OTU00338","OTU00339","OTU00340","OTU00341","OTU00342","OTU00343","OTU00344","OTU00345","OTU00346","OTU00347","OTU00348","OTU00349","OTU00350","OTU00351","OTU00352","OTU00353","OTU00354","OTU00355","OTU00356","OTU00357","OTU00358","OTU00359","OTU00360","OTU00361","OTU00362","OTU00363","OTU00364","OTU00365","OTU00366","OTU00367","OTU00368","OTU00369","OTU00370","OTU00371","OTU00372","OTU00373","OTU00374","OTU00375","OTU00376","OTU00377","OTU00378","OTU00379","OTU00380","OTU00381","OTU00382","OTU00383","OTU00384","OTU00385","OTU00386","OTU00387","OTU00388","OTU00389","OTU00390","OTU00391","OTU00392","OTU00393","OTU00394","OTU00395","OTU00396","OTU00397","OTU00398","OTU00399","OTU00400","OTU00401","OTU00402","OTU00403","OTU00404","OTU00405","OTU00406","OTU00407","OTU00408","OTU00409","OTU00410","OTU00411","OTU00412","OTU00413","OTU00414","OTU00415","OTU00416","OTU00417","OTU00418","OTU00419","OTU00420","OTU00421","OTU00422","OTU00423","OTU00424","OTU00425","OTU00426","OTU00427","OTU00428","OTU00429","OTU00430","OTU00431","OTU00432","OTU00433","OTU00434","OTU00435","OTU00436","OTU00437","OTU00438","OTU00439","OTU00440","OTU00441","OTU00442","OTU00443","OTU00444","OTU00445","OTU00446","OTU00447","OTU00448","OTU00449","OTU00450","OTU00451","OTU00452","OTU00453","OTU00454","OTU00455","OTU00456","OTU00457","OTU00458","OTU00459","OTU00460","OTU00461","OTU00462","OTU00463","OTU00464","OTU00465","OTU00466","OTU00467","OTU00468","OTU00469","OTU00470","OTU00471","OTU00472","OTU00473","OTU00474","OTU00475","OTU00476","OTU00477","OTU00478","OTU00479","OTU00480","OTU00481","OTU00482","OTU00483","OTU00484","OTU00485","OTU00486","OTU00487","OTU00488","OTU00489","OTU00490","OTU00491","OTU00492","OTU00493","OTU00494","OTU00495","OTU00496","OTU00497","OTU00498","OTU00499","OTU00500","OTU00501","OTU00502","OTU00503","OTU00504","OTU00505","OTU00506","OTU00507","OTU00508","OTU00509","OTU00510","OTU00511","OTU00512","OTU00513","OTU00514","OTU00515","OTU00516","OTU00517","OTU00518","OTU00519","OTU00520","OTU00521","OTU00522","OTU00523","OTU00524","OTU00525","OTU00526","OTU00527","OTU00528","OTU00529","OTU00530","OTU00531","OTU00532","OTU00533","OTU00534","OTU00535","OTU00536","OTU00537","OTU00538","OTU00539","OTU00540","OTU00541","OTU00542","OTU00543","OTU00544","OTU00545","OTU00546","OTU00547","OTU00548","OTU00549","OTU00550","OTU00551","OTU00552","OTU00553","OTU00554","OTU00555","OTU00556","OTU00557","OTU00558","OTU00559","OTU00560","OTU00561","OTU00562","OTU00563","OTU00564","OTU00565","OTU00566","OTU00567","OTU00568","OTU00569","OTU00570","OTU00571","OTU00572","OTU00573","OTU00574","OTU00575","OTU00576","OTU00577","OTU00578","OTU00579","OTU00580","OTU00581","OTU00582","OTU00583","OTU00584","OTU00585","OTU00586","OTU00587","OTU00588","OTU00589","OTU00590","OTU00591","OTU00592","OTU00593","OTU00594"
"OCI-004-R013",49528,79485,52,483,4,149,3,1595,593,1,10,0,6,13,0,1,1,263,0,0,2,154,12,0,130,0,850,0,0,0,0,0,0,378,0,0,0,14,0,0,445,0,504,0,3,2,74,9,40,0,0,1,0,119,234,70,0,4,0,0,8,161,1,315,0,0,0,1,2,3,0,0,0,1,0,11,0,3,0,1,0,3,2,0,0,26,3,0,0,6,0,0,0,0,2,0,0,0,0,0,0,0,1,8,1,2,0,0,0,74,0,0,0,0,0,1,0,0,3,0,1,0,0,0,0,1,0,0,3,3,0,0,0,0,0,1,1,0,0,0,0,0,0,0,0,0,0,0,0,17,0,1,0,0,1,0,0,10,0,0,0,0,0,11,0,0,0,0,2,0,1,0,0,0,0,3,0,0,1,0,0,0,0,0,2,0,0,0,0,0,0,0,0,0,0,0,0,10,0,0,0,0,0,0,0,0,0,1,0,0,0,0,0,0,4,0,12,0,0,0,1,0,0,2,0,0,0,0,1,0,0,0,2,0,0,0,0,0,0,0,0,0,0,0,0,1,0,0,0,0,3,0,0,0,0,0,5,5,0,0,0,0,0,0,0,0,0,0,0,0,0,2,1,0,0,4,0,0,3,0,0,0,0,0,0,0,0,0,0,0,22,5,0,0,0,0,0,0,0,1,0,0,0,0,0,0,0,0,0,0,0,0,0,0,2,2,1,0,0,0,0,0,0,0,0,0,0,0,0,2,1,0,0,1,0,0,0,0,0,0,2,0,0,0,0,0,0,0,0,0,0,0,0,0,0,0,0,0,10,1,0,0,0,0,0,0,0,0,0,0,0,0,0,0,0,0,0,0,0,0,0,0,0,0,0,0,0,0,0,0,0,0,0,0,0,0,0,0,0,0,1,0,0,0,0,0,0,0,0,0,0,0,3,0,0,0,0,0,0,0,0,0,0,0,0,0,0,0,0,0,0,0,0,0,0,0,0,0,0,0,0,0,2,0,0,0,0,0,0,0,0,0,0,0,0,0,0,0,0,0,0,0,3,1,0,0,0,0,0,0,0,0,0,0,0,0,0,0,0,0,0,0,0,0,0,0,0,0,0,0,0,1,1,0,0,0,0,0,0,0,0,0,0,0,0,0,0,0,0,0,0,0,0,0,3,0,0,0,0,0,0,0,0,0,0,0,0,0,0,0,0,4,0,0,0,0,0,0,0,0,0,0,0,0,0,0,0,0,0,0,0,0,0,0,0,0,0,0,0,0,0,0,0,0,0,0,0,0,0,0,0,0,0,0,0,0,0,0,0,0,0,0,0,0,0,0,0,0,0,0,0,0,0,0
"OCI-004-R014",105763,5038,38,921,27,1030,12,6927,7520,1,4,14,11,111,1,24,0,761,0,0,0,94,32,0,445,0,665,0,0,0,0,3,1,405,0,0,2,12,0,5,209,0,402,0,12,14,341,38,306,4,0,0,0,284,597,600,6,20,0,0,34,648,0,601,0,0,0,45,0,3,0,0,0,0,0,10,0,1,0,22,0,62,4,0,0,43,3,2,2,198,0,0,8,0,7,0,0,0,17,0,0,3,8,8,3,2,1,0,0,2,0,0,0,0,0,52,4,0,3,0,9,0,0,0,0,2,0,0,0,7,0,0,0,0,0,0,0,0,0,8,0,1,3,0,0,0,0,0,0,11,7,6,0,0,4,0,0,188,0,0,0,0,0,0,0,0,0,0,31,0,0,4,0,0,1,0,0,0,0,0,2,2,0,8,0,0,0,0,0,4,0,9,0,0,0,0,0,23,0,4,0,2,3,0,1,0,0,4,0,0,1,0,0,0,42,0,27,8,0,0,16,0,0,27,0,0,0,1,2,0,0,0,1,0,0,0,0,0,0,0,0,0,0,0,0,12,0,0,0,1,2,2,0,0,0,0,1,0,0,0,0,0,0,0,0,0,0,0,1,0,0,2,2,0,0,5,0,0,4,2,2,0,0,0,0,0,3,0,0,0,5,2,1,0,0,0,0,0,0,2,8,0,0,0,0,0,0,0,0,0,0,0,0,0,0,0,4,0,0,0,0,4,0,0,0,0,0,0,0,15,22,0,0,6,0,0,0,0,0,0,0,0,0,0,0,7,1,0,0,0,0,18,3,1,0,0,0,0,0,2,2,2,0,0,0,0,1,0,0,0,0,0,0,0,1,1,1,0,0,0,0,0,0,0,0,0,0,0,0,1,0,0,0,0,0,1,0,0,0,0,0,1,1,0,0,0,0,0,0,0,0,0,7,1,1,1,0,0,0,0,0,0,0,0,0,0,0,0,5,4,0,0,0,0,0,0,1,0,0,0,0,0,4,1,1,0,0,0,0,0,0,0,0,0,0,0,0,0,0,0,0,0,0,0,7,5,2,1,0,0,0,0,0,0,0,5,1,0,0,0,0,0,0,0,0,0,0,0,0,0,0,0,0,4,0,0,0,0,0,0,0,0,0,0,0,0,0,0,0,0,0,0,0,0,0,5,0,0,0,0,0,0,0,0,0,0,0,0,0,0,0,0,3,1,0,0,0,0,0,0,0,0,0,0,0,0,0,0,0,2,2,0,0,0,0,0,0,0,0,0,0,0,0,0,0,0,0,0,0,0,0,2,2,0,0,0,0,0,0,0,0,0,0,0,0,0,0,0,0,0,0,0,0,0
"OCI-004-R015",112969,46015,51,416,4,23,0,211,75,3,4,0,0,4,0,2,0,24,0,0,0,11,0,0,71,0,760,0,0,0,0,0,0,307,0,0,1,1,0,0,134,0,424,0,0,0,107,1,2,1,0,0,0,42,76,35,0,0,0,0,2,25,0,134,0,0,0,0,0,0,0,0,0,0,1,1,0,1,0,3,0,2,0,0,0,2,0,0,0,0,1,0,1,0,0,0,0,0,0,0,0,0,0,0,3,1,0,0,0,47,0,0,0,0,0,2,0,0,0,0,0,0,0,0,0,0,0,0,1,0,0,0,0,0,0,0,0,0,0,0,0,0,0,0,0,0,0,0,0,0,2,0,0,0,0,0,0,0,0,0,0,0,0,0,0,0,0,0,3,0,0,0,0,0,0,0,0,0,0,0,0,0,0,0,1,0,0,0,0,0,0,0,0,0,0,0,0,4,0,0,0,0,0,0,0,0,0,0,0,0,0,0,0,0,1,0,0,2,0,0,0,0,0,0,0,0,0,0,0,0,0,0,1,0,0,2,0,0,0,0,0,0,0,0,0,0,0,0,0,2,0,0,0,0,0,0,39,0,0,0,0,0,0,0,0,0,0,0,0,0,0,0,0,0,0,8,0,0,4,0,0,0,0,0,0,0,0,0,0,0,6,2,0,0,0,0,0,0,0,0,0,3,0,0,0,0,0,0,0,0,0,0,0,0,0,0,1,0,0,0,0,0,0,0,0,0,0,0,0,11,1,0,0,0,0,0,0,0,0,0,0,0,0,0,0,0,0,0,0,0,0,0,0,0,0,0,0,0,9,0,0,0,0,0,0,0,0,0,0,0,0,0,0,0,0,0,0,0,0,0,0,0,0,0,0,0,0,0,0,0,0,0,0,0,0,0,0,0,0,0,0,0,0,0,0,0,0,0,0,0,0,0,2,0,0,0,0,0,0,0,0,0,0,0,0,0,0,0,0,0,0,0,0,0,0,0,0,0,0,0,0,0,3,0,0,0,0,0,0,0,0,0,0,0,0,0,0,0,0,0,0,0,5,1,0,0,0,0,0,0,0,0,0,0,0,0,0,0,0,0,0,0,0,0,0,0,0,0,0,0,0,0,0,0,2,0,0,0,0,0,0,0,0,0,0,0,0,0,0,0,0,0,0,0,0,0,0,0,0,0,0,0,0,0,0,0,0,0,0,0,0,0,0,0,0,0,0,0,0,0,0,0,0,0,0,0,0,0,0,1,0,0,0,0,0,0,0,0,0,0,0,0,0,0,0,0,0,0,0,0,0,0,0,2,0,0,0,0,0,0,0,0,0,0,0,0,0,0,0,0,0,0,0,0
"OCI-004-R016",30473,110466,49,169,2,356,3,347,11,1202,0,0,8,6,0,0,0,3986,0,0,0,384,236,0,8,0,120,0,0,0,0,0,3,92,0,0,1,28,0,0,106,0,228,0,1,1,10,456,0,0,0,192,0,19,10,48,0,8,0,0,15,0,0,4,3,0,0,109,1,5,0,0,0,0,0,274,1,0,0,0,0,22,0,0,0,1,0,0,0,20,0,0,1,0,27,0,0,0,0,1,0,0,0,125,0,0,0,0,1,106,0,0,0,0,0,12,1,0,2,0,0,0,0,0,0,2,0,1,207,0,0,0,0,0,0,1,0,0,0,11,0,0,0,0,0,0,0,0,0,4,5,3,2,0,16,0,0,3,0,0,0,0,0,1,3,0,0,0,8,0,2,44,0,0,1,0,0,0,0,0,0,0,0,0,1,3,1,0,0,27,0,7,0,0,0,0,0,11,0,2,0,0,7,0,0,0,0,6,1,16,0,0,0,0,25,0,0,3,0,0,5,0,1,0,29,0,0,0,1,0,0,0,1,1,0,0,0,0,1,0,0,0,0,0,0,13,0,0,2,3,4,3,0,0,0,1,0,1,0,0,0,0,0,0,0,0,0,0,20,0,0,3,0,0,0,5,0,0,1,0,1,0,0,0,0,0,3,0,0,0,0,1,0,0,0,0,0,0,0,2,1,0,1,0,0,0,0,0,0,0,0,0,0,0,2,7,1,1,0,0,0,0,1,0,0,1,0,0,0,0,0,0,0,11,0,0,0,0,0,0,0,0,0,0,0,1,0,0,0,0,0,0,0,1,0,0,0,0,0,0,1,0,0,0,0,0,0,5,0,0,0,0,0,0,0,0,0,0,0,0,0,0,2,1,0,0,0,0,0,0,0,0,0,0,0,1,4,2,1,0,0,0,0,3,1,0,0,0,0,0,0,0,0,0,0,0,1,0,0,2,0,0,0,0,0,0,0,0,0,4,4,1,1,0,0,0,0,0,0,0,0,0,0,0,3,6,2,0,0,0,0,0,0,0,0,0,0,0,0,0,0,0,0,0,0,0,0,0,0,0,0,0,0,0,0,0,0,1,1,0,0,0,0,0,0,0,0,0,0,0,0,0,1,0,0,3,2,0,0,0,0,0,0,0,0,0,0,0,0,0,0,0,0,0,0,0,1,1,1,1,0,0,0,0,0,0,0,0,0,0,0,0,0,0,0,0,0,0,0,0,0,0,0,0,0,0,0,0,0,0,0,0,0,0,0,0,0,0,0,0,0,0,0,0,0,0,0,0,0,0,0,0,0,0,2,2,2,2,1,1,0,0,0,0,0,0,0,0,0,0,0,0,0,0
"OCI-004-R017",13725,124823,66,130,1,7,0,4,4,731,1,0,12,4,0,0,0,41,0,1,1,867,68,0,8,0,89,0,0,0,0,0,1,142,0,0,0,28,0,0,22,0,357,0,0,0,4,12,0,0,0,55,0,50,3,16,2,24,0,0,27,0,0,5,0,0,0,32,1,0,0,0,0,0,0,48,0,0,0,0,0,50,0,0,0,1,0,1,0,0,2,0,0,0,31,0,0,0,0,4,0,2,6,31,0,0,0,0,0,68,0,0,0,0,0,10,0,0,2,0,21,0,0,0,0,0,0,0,13,0,0,0,2,1,0,0,0,0,0,4,0,0,0,0,0,0,0,1,0,37,2,4,0,0,3,0,0,1,0,0,0,0,0,15,0,0,0,0,12,0,0,13,0,0,0,0,0,0,0,0,1,0,0,1,0,0,0,0,0,5,0,2,1,0,0,0,0,4,0,0,0,1,0,0,0,0,0,3,0,5,0,0,0,0,0,0,1,6,0,0,6,0,0,0,5,0,0,0,1,0,0,0,1,1,0,0,0,0,0,0,0,0,0,0,0,1,0,0,0,0,5,0,0,0,0,0,0,19,0,0,0,0,0,0,0,0,0,0,0,0,0,0,0,1,0,0,0,0,1,1,1,0,0,0,0,0,3,0,0,0,0,1,0,0,0,0,0,0,0,3,1,0,0,0,0,0,0,0,0,0,0,0,0,0,0,6,3,6,0,0,0,0,7,0,0,0,0,0,0,0,0,0,0,0,0,0,0,0,0,0,0,0,0,0,0,2,1,1,0,0,0,0,0,4,0,0,0,0,0,0,1,2,0,0,0,0,0,3,1,0,0,0,0,0,0,0,0,1,1,0,0,0,1,0,0,0,0,0,0,0,4,0,0,0,0,1,4,1,0,3,0,0,0,0,0,0,0,0,0,0,0,0,0,1,0,0,1,0,0,2,0,0,0,0,0,0,0,0,1,0,0,0,0,5,0,0,0,0,0,0,0,0,0,0,0,0,3,4,3,0,0,0,0,0,0,0,0,0,0,0,0,0,0,4,1,0,0,0,0,0,0,0,0,0,0,0,0,1,0,1,0,0,0,0,0,0,0,0,0,0,0,0,0,0,1,0,0,0,0,0,0,0,0,0,0,0,0,0,0,0,0,0,0,0,0,0,1,0,1,0,5,1,1,1,0,0,0,0,0,0,0,0,0,0,4,2,1,1,0,0,0,0,0,0,0,0,0,0,0,0,0,3,1,1,0,0,0,0,0,0,0,0,0,0,0,0,0,0,0,0,0,0,0,0,0,0,0,0,0,0,0,0,0,0,0,0,0,0,0,0,0,0,0,0
"OCI-004-R018",73637,241,30,42971,14,3286,9,1406,83,3324,0,0,19,21,0,0,0,302,0,0,0,1243,164,0,12,0,1823,1,0,0,0,0,5,781,2,0,0,1883,0,0,66,2,866,0,1,0,382,26,0,0,0,619,0,470,24,173,7,55,0,0,46,0,0,18,0,0,0,409,3,5,0,0,0,0,0,57,0,2,0,0,0,135,0,0,0,9,0,2,0,47,3,0,0,0,87,0,0,0,1,4,0,3,4,89,2,0,0,1,0,2,0,0,0,0,0,22,0,0,5,0,5,0,0,0,2,1,0,0,0,0,0,0,1,0,0,1,0,0,1,16,0,1,0,0,0,1,0,0,0,26,11,20,0,0,33,0,0,1,0,0,0,1,1,104,1,0,0,0,25,0,0,39,82,0,0,0,0,0,0,0,0,0,0,0,1,3,0,0,0,31,0,29,1,0,0,0,0,55,0,11,0,0,3,0,2,1,0,5,0,14,1,0,0,0,0,0,57,12,0,0,12,0,0,50,21,0,0,0,6,1,0,0,2,0,0,0,0,0,0,0,0,0,0,0,0,1,0,0,10,4,19,0,0,0,0,0,0,44,0,0,0,0,0,0,0,0,0,0,59,0,0,2,0,0,0,26,0,0,15,0,3,0,0,0,0,0,14,1,0,0,0,21,0,0,0,0,0,0,0,6,7,0,0,0,0,0,0,0,0,0,0,0,0,0,0,11,7,11,0,0,0,0,10,0,0,0,0,0,0,3,0,0,0,9,19,0,0,0,0,0,0,0,0,0,0,7,0,0,0,0,0,0,1,9,0,0,0,0,0,0,9,5,0,0,0,0,0,1,1,0,0,0,0,0,0,0,13,3,0,9,0,0,4,0,16,0,0,0,0,5,1,0,0,0,0,2,6,4,9,2,0,4,6,0,0,1,0,0,0,0,0,0,0,0,0,0,5,0,0,0,0,0,0,0,0,0,0,0,4,0,0,0,9,4,5,3,0,0,0,0,0,0,0,1,0,3,0,0,6,7,6,2,1,1,0,0,0,0,0,0,0,0,0,2,0,1,2,0,1,0,0,0,0,0,0,0,2,0,6,3,7,1,0,0,0,0,0,0,0,0,0,0,4,0,1,1,3,2,1,1,1,0,0,0,0,0,0,0,0,0,0,0,0,0,0,0,0,2,0,0,0,3,0,2,0,0,0,0,0,0,0,0,0,0,0,0,3,0,4,2,1,0,0,0,0,0,0,0,0,0,1,0,0,2,3,3,3,3,3,3,3,2,0,0,0,0,0,0,0,0,0,0,0,0,0,0,0,0,0,0,2,2,1,0,0,0,0,0,0,0,0,0,0,0
"OCI-004-R019",1966,808,109823,2630,15,364,4,16,18,3339,13,4,31,48,6,0,0,92,0,0,2,1675,201,0,53,0,573,1,0,0,0,3,9,243,0,0,0,63,0,0,154,0,419,0,4,3,103,65,0,0,0,249,0,24,19,0,4,49,0,0,91,1,0,21,0,0,0,161,1,13,0,0,0,3,0,194,0,0,0,0,0,126,1,0,0,1,3,3,2,98,23,0,11,0,83,0,0,1,6,8,0,3,4,132,3,0,0,0,1,1,0,1,0,0,0,28,2,0,11,0,6,0,1,0,0,69,0,0,0,1,0,0,1,6,0,0,6,0,0,27,0,0,0,0,0,0,0,0,0,69,9,35,1,0,24,0,0,9,0,0,0,0,0,8,0,0,0,0,22,2,0,23,39,0,0,4,0,0,0,0,7,1,0,1,0,2,0,1,0,11,0,33,7,0,0,0,0,16,0,1,0,0,23,0,1,1,0,14,0,43,0,0,0,0,22,0,14,12,0,0,29,0,1,15,12,1,0,0,2,2,1,0,18,2,0,0,2,1,0,1,0,0,0,0,0,25,0,0,1,41,4,0,0,0,3,0,0,29,2,0,0,0,0,0,0,0,0,0,10,0,0,31,1,0,0,23,0,0,10,0,4,0,0,0,0,0,12,0,0,0,0,1,0,0,0,0,0,0,0,17,14,3,0,0,0,0,0,0,0,0,0,0,0,0,8,2,11,10,0,0,0,0,7,0,0,0,2,0,0,1,0,0,0,10,4,0,0,0,0,0,0,1,0,0,0,4,1,2,0,0,0,2,1,5,0,0,0,0,0,0,6,10,0,0,0,0,0,9,5,0,0,0,0,0,0,0,3,0,2,8,0,0,9,1,0,0,0,0,0,7,3,0,0,0,0,9,0,7,4,2,0,4,3,9,0,0,0,0,0,0,0,0,0,0,0,0,3,0,0,0,0,0,0,0,0,0,0,0,0,2,6,0,0,1,5,7,0,0,0,0,0,0,0,1,0,0,4,5,0,2,3,7,0,1,9,0,0,0,0,0,0,0,0,0,0,2,4,7,0,8,0,0,0,0,0,2,4,5,0,3,0,1,7,7,7,1,0,0,0,0,0,2,0,2,2,2,1,4,5,5,1,6,6,0,0,0,0,0,0,0,0,0,0,0,0,0,3,2,2,4,0,1,0,2,5,3,0,0,0,0,0,0,1,0,0,2,0,3,0,2,3,4,0,0,0,0,0,0,0,0,0,0,2,0,0,0,0,0,0,0,0,1,3,3,3,3,0,0,0,0,0,0,0,0,0,0,0,0,1,1,0,0,1,2,2,2,0,0,0,0,0,0,0,0
"OCI-004-R020",2,0,0,0,10660,109,6441,0,202,0,4496,411,1908,2325,4579,22,3753,0,0,786,2892,3,6,27,1353,119,0,0,6,2028,1662,1,1537,0,0,1,0,0,0,574,829,11,0,0,74,0,232,3,652,93,292,0,647,0,0,0,80,323,1,0,607,0,0,0,0,508,644,0,0,473,2,692,50,0,393,0,0,1,515,73,0,87,379,287,10,557,0,41,19,144,1,0,1,95,0,0,154,247,0,357,375,236,6,222,199,42,67,0,299,0,122,292,282,241,43,27,0,1,241,122,1,8,0,27,231,10,205,0,0,19,192,3,186,0,0,63,1,0,0,0,53,0,166,163,0,0,58,0,161,0,22,0,0,5,0,151,0,0,0,134,119,0,39,0,0,0,0,0,0,72,12,0,0,0,2,0,113,0,1,0,95,75,0,49,0,1,0,0,0,0,3,0,0,0,0,22,5,0,0,0,1,0,27,79,0,1,0,59,75,0,72,0,0,0,0,0,0,0,0,0,0,0,0,0,0,24,0,11,0,62,83,0,51,45,0,22,0,0,14,0,0,0,0,52,0,0,97,35,0,0,0,0,10,0,0,0,0,0,21,45,37,44,41,2,0,0,1,0,0,0,0,0,1,1,10,0,37,59,0,0,0,0,34,30,1,0,0,27,0,0,0,0,0,33,0,0,0,0,0,0,0,3,0,31,23,0,0,30,30,29,9,2,0,0,16,0,0,0,21,0,0,20,0,0,0,0,0,0,0,0,0,2,0,0,0,18,5,0,0,0,0,0,0,0,0,0,12,0,0,0,0,0,0,0,0,0,0,0,0,16,0,0,7,2,1,1,17,0,0,18,18,1,0,0,0,0,0,0,0,0,3,0,0,0,0,16,0,0,0,0,0,15,0,0,0,0,0,0,0,0,0,0,0,0,0,0,0,0,0,0,0,0,0,10,0,3,0,9,0,0,6,1,0,0,0,0,0,0,0,0,0,0,0,0,0,0,10,10,10,9,0,0,0,0,0,0,0,0,0,0,0,0,0,2,0,9,4,0,0,0,0,0,0,0,0,0,0,0,0,0,8,6,0,0,0,0,0,0,0,0,0,0,0,0,0,0,6,0,0,0,0,0,0,0,0,0,0,0,0,0,4,0,0,6,6,5,0,0,0,0,0,0,0,0,1,0,0,0,1,0,0,0,0,0,0,0,3,0,0,0,0,0,0,0,0,0,0,0,0,0,0,0,0,0,0,0,0,0,0,0,0,0,0,0,0,0,0,0,0,0,0,0,0,0,0,0,0,0,0,0,0,0,0,0,0,0,0,0,0,0,0,0,0,0,0,0,0,0,0,0,0,0,0,0
"OCI-004-R021",4,0,0,0,15161,6847,8674,3,1437,0,4047,36,4495,2693,2360,30,1753,58,0,3631,1566,2,4527,1,1226,3729,0,0,6,894,813,42,870,0,1,0,1,0,0,1104,857,164,0,1,187,4,183,661,56,284,1170,0,520,0,0,0,658,11,886,855,350,0,0,0,2,146,102,95,12,179,0,3,337,0,210,3,0,0,62,70,0,19,157,252,509,28,43,463,174,50,0,0,0,369,214,0,89,149,1,10,2,90,336,3,159,2,135,0,5,0,176,2,12,50,247,104,0,274,0,4,0,244,0,221,4,223,25,0,0,23,30,213,2,0,0,118,5,0,31,148,181,0,12,5,175,172,115,0,4,0,49,1,0,153,0,3,0,0,151,1,26,0,0,0,0,0,0,0,0,125,79,0,0,0,1,0,3,0,0,0,1,1,0,70,2,82,101,100,0,3,0,0,0,0,0,67,0,0,0,0,0,0,49,0,0,58,0,2,0,0,0,0,0,0,0,0,0,2,0,0,0,0,0,0,0,20,0,0,43,0,2,0,2,11,0,35,0,0,43,57,0,0,57,4,0,0,50,18,39,0,0,42,4,0,0,0,0,0,11,0,8,0,3,0,0,0,42,0,0,0,3,0,0,0,0,0,2,13,0,0,0,0,0,0,35,0,0,7,0,0,0,0,0,0,33,5,0,0,0,0,0,22,0,0,2,31,0,0,0,1,0,27,0,0,0,0,0,0,7,4,0,3,2,27,0,0,0,0,0,0,0,22,0,0,0,5,18,2,0,0,0,0,22,22,0,0,5,11,0,0,0,0,15,0,20,0,0,0,0,0,0,0,12,17,6,18,0,0,0,0,0,0,0,0,0,0,0,0,0,0,14,0,0,5,0,0,0,0,0,0,0,0,15,14,0,0,0,0,0,0,0,0,3,0,12,12,13,0,0,0,0,0,0,0,0,1,2,0,0,0,5,10,0,0,0,0,0,0,0,0,0,0,0,0,0,0,0,0,0,1,0,0,0,0,0,0,0,0,0,0,0,0,0,5,0,0,5,0,0,0,0,0,0,0,0,0,0,0,7,0,0,2,8,0,0,0,0,0,0,0,0,0,0,0,0,0,1,0,0,0,0,3,0,0,0,0,0,0,0,0,0,0,0,0,0,0,6,0,0,0,0,0,0,0,1,0,0,0,0,0,0,0,4,0,0,0,0,0,0,0,0,0,0,0,0,0,0,0,0,0,0,0,4,4,0,0,0,0,0,0,0,0,0,0,0,0,0,0,0,0,0,0,0,0,0,0,1,0,0,0,0,0,0,0,0,0,0,0,0,0,0,0,0,0,0,0,2,2,0,0,0,0,0,0
"OCI-004-R022",1,0,0,0,5386,35,1508,0,1221,0,1,7756,1346,2187,0,6330,327,0,5122,309,0,0,100,7170,477,0,0,3524,3417,0,0,2618,44,0,2311,2201,2027,0,1719,228,621,1697,0,1486,2534,1647,142,0,181,1846,115,1,0,0,0,0,165,1245,0,0,435,0,796,0,773,94,0,3,816,0,671,46,528,587,0,14,577,1410,196,412,553,120,0,0,20,75,689,8,842,1,476,520,445,0,5,421,215,0,427,5,7,84,15,74,7,309,134,308,0,0,0,0,0,0,0,57,273,0,3,140,249,115,249,0,0,1,0,228,0,377,0,0,20,204,207,83,185,196,163,0,1,182,0,8,0,0,0,165,0,0,247,109,156,0,116,0,153,0,0,15,67,141,101,0,224,136,132,131,25,0,30,0,0,120,113,110,0,112,109,109,2,28,105,42,95,11,0,1,100,18,95,17,87,94,92,55,83,0,119,64,0,78,0,0,115,81,78,52,0,0,0,139,74,73,0,72,0,26,71,99,1,70,103,3,0,20,67,107,9,0,41,61,0,0,60,0,57,58,0,0,103,58,0,0,56,0,0,0,0,0,11,1,34,48,44,45,0,0,11,0,0,0,0,42,44,44,0,43,0,42,38,0,35,38,40,0,0,0,0,35,49,38,3,7,0,36,0,0,35,35,0,0,32,0,0,28,32,32,32,0,0,0,30,0,6,0,31,0,0,0,20,0,29,29,0,0,0,0,0,24,28,0,0,0,27,25,24,26,26,0,0,0,24,0,0,0,0,21,23,23,20,21,0,0,22,0,1,7,21,21,21,0,0,0,0,20,20,20,0,0,0,0,0,0,12,0,0,0,11,0,0,17,18,18,16,16,0,13,14,0,0,17,0,9,0,0,16,16,16,2,7,0,0,1,15,0,0,0,0,7,12,4,0,1,0,0,0,13,13,13,13,13,0,0,11,7,0,3,12,7,0,0,11,11,11,11,11,11,0,0,0,9,0,0,0,0,5,0,0,0,10,10,0,6,5,0,0,0,0,0,0,0,8,0,0,0,0,9,9,9,9,9,0,0,0,0,0,0,0,0,0,0,0,8,8,0,0,0,0,0,0,5,0,0,0,6,0,7,7,7,7,0,0,0,0,0,0,0,0,0,0,0,0,0,0,1,0,6,6,6,6,6,6,6,0,0,0,0,0,0,0,0,0,0,0,2,2,5,5,5,5,0,0,3,0,0,0,0,0,0,0,0,0,0,4,4,4,4,4,0,0,0,0,0,0,0,0,0,0,0,0,0,0,0,0,0,2,3,3,3,3,0,0,0,0,0,0,0,0,0,0,0,0,0,0,0,0,0,2,2,2,2,2,2
"OCI-004-R024",0,0,0,0,0,0,0,0,0,0,0,0,0,1,0,0,0,0,1,0,0,0,0,0,0,0,0,0,0,1,0,0,0,0,0,0,0,0,0,0,0,0,0,0,0,0,0,0,0,0,0,0,0,0,0,0,0,1,0,0,0,0,0,0,0,0,0,0,0,0,0,0,0,0,0,0,0,0,0,0,0,0,0,0,0,0,0,0,0,0,0,0,0,0,0,0,0,0,0,0,0,0,0,0,0,0,0,0,0,0,0,0,0,0,0,0,0,0,0,0,0,0,0,0,0,0,0,0,0,0,0,0,0,0,0,0,0,0,0,0,0,0,0,0,0,0,0,0,0,0,0,0,0,0,0,0,0,0,0,0,0,0,0,0,0,0,0,0,0,0,0,0,0,0,0,0,0,0,0,0,0,0,0,0,0,0,0,0,0,0,0,0,0,0,0,0,0,0,0,0,81,0,0,0,0,0,0,0,0,0,0,0,0,0,0,0,0,0,0,0,0,0,0,0,0,2,0,0,0,0,0,0,0,0,0,0,0,0,0,0,0,0,0,0,0,0,0,0,0,0,0,0,0,0,0,0,0,0,0,0,0,0,0,0,0,0,0,0,0,0,0,0,0,0,0,0,0,0,0,0,0,0,0,0,0,0,0,0,0,0,0,0,0,0,0,0,0,0,0,0,0,0,0,0,0,0,0,0,0,0,0,0,0,0,0,0,0,0,0,0,0,0,0,0,0,0,0,0,0,0,0,0,0,0,0,0,0,0,0,0,0,0,0,0,0,0,0,0,0,0,0,0,0,0,0,0,0,0,0,0,0,0,0,0,0,0,0,0,0,0,0,0,0,0,0,0,0,0,0,0,0,0,0,0,0,0,0,0,0,0,0,0,0,0,0,0,0,0,0,0,0,0,0,0,0,0,0,0,0,0,0,0,0,0,0,0,0,0,0,0,0,0,0,0,0,0,0,0,0,0,0,0,0,0,0,0,0,0,0,0,0,0,0,0,0,0,0,0,0,0,0,0,0,0,0,0,0,0,0,0,0,0,0,0,0,0,0,0,0,0,0,0,0,0,0,0,0,0,0,0,0,0,0,0,0,0,0,0,0,0,0,0,0,0,0,0,0,0,0,0,0,0,0,0,0,0,0,0,0,0,0,0,0,0,0,0,0,0,0,0,0,0,0,0,0,0,0,0,0,0,0,0,0,0,0,0,0,0,0,0,0,0,0,0,0,0,0,0,0,0,0,0,0,0,0,0,0,0,0,0,0,0,0,0,0,0,0,0,0,0,0,0,0,0,0,0,0,0,0,0,0,0,0,0,0,0,0,0,0,0,0,0,0,0
