"","ASV00001","ASV00002","ASV00003","ASV00004","ASV00005","ASV00006","ASV00007","ASV00008","ASV00009","ASV00010","ASV00011","ASV00012","ASV00013","ASV00014","ASV00015","ASV00016","ASV00017","ASV00018","ASV00019","ASV00020","ASV00021","ASV00022","ASV00023","ASV00024","ASV00025","ASV00026","ASV00027","ASV00028","ASV00029","ASV00030","ASV00031","ASV00032","ASV00033","ASV00034","ASV00035","ASV00036","ASV00037","ASV00038","ASV00039","ASV00040","ASV00041","ASV00042","ASV00043","ASV00044","ASV00045","ASV00046","ASV00047","ASV00048","ASV00049","ASV00050","ASV00051","ASV00052","ASV00053","ASV00054","ASV00055","ASV00056","ASV00057","ASV00058","ASV00059","ASV00060","ASV00061","ASV00062","ASV00063","ASV00064","ASV00065","ASV00066","ASV00067","ASV00068","ASV00069","ASV00070","ASV00071","ASV00072","ASV00073","ASV00074","ASV00075","ASV00076","ASV00077","ASV00078","ASV00079","ASV00080","ASV00081","ASV00082","ASV00083","ASV00084","ASV00085","ASV00086","ASV00087","ASV00088","ASV00089","ASV00090","ASV00091","ASV00092","ASV00093","ASV00094","ASV00095","ASV00096","ASV00097","ASV00098","ASV00099","ASV00100","ASV00101","ASV00102","ASV00103","ASV00104","ASV00105","ASV00106","ASV00107","ASV00108","ASV00109","ASV00110","ASV00111","ASV00112","ASV00113","ASV00114","ASV00115","ASV00116","ASV00117","ASV00118","ASV00119","ASV00120","ASV00121","ASV00122","ASV00123","ASV00124","ASV00125","ASV00126","ASV00127","ASV00128","ASV00129","ASV00130","ASV00131","ASV00132","ASV00133","ASV00134","ASV00135","ASV00136","ASV00137","ASV00138","ASV00139","ASV00140","ASV00141","ASV00142","ASV00143","ASV00144","ASV00145","ASV00146","ASV00147","ASV00148","ASV00149","ASV00150","ASV00151","ASV00152","ASV00153","ASV00154","ASV00155","ASV00156","ASV00157","ASV00158","ASV00159","ASV00160","ASV00161","ASV00162","ASV00163","ASV00164","ASV00165","ASV00166","ASV00167","ASV00168","ASV00169","ASV00170","ASV00171","ASV00172","ASV00173","ASV00174","ASV00175","ASV00176","ASV00177","ASV00178","ASV00179","ASV00180","ASV00181","ASV00182","ASV00183","ASV00184","ASV00185","ASV00186","ASV00187","ASV00188","ASV00189","ASV00190","ASV00191","ASV00192","ASV00193","ASV00194","ASV00195","ASV00196","ASV00197","ASV00198","ASV00199","ASV00200","ASV00201","ASV00202","ASV00203","ASV00204","ASV00205","ASV00206","ASV00207","ASV00208","ASV00209","ASV00210","ASV00211","ASV00212","ASV00213","ASV00214","ASV00215","ASV00216","ASV00217","ASV00218","ASV00219","ASV00220","ASV00221","ASV00222","ASV00223","ASV00224","ASV00225","ASV00226","ASV00227","ASV00228","ASV00229","ASV00230","ASV00231","ASV00232","ASV00233","ASV00234","ASV00235","ASV00236","ASV00237","ASV00238","ASV00239","ASV00240","ASV00241","ASV00242","ASV00243","ASV00244","ASV00245","ASV00246","ASV00247","ASV00248","ASV00249","ASV00250","ASV00251","ASV00252","ASV00253","ASV00254","ASV00255","ASV00256","ASV00257","ASV00258","ASV00259","ASV00260","ASV00261","ASV00262","ASV00263","ASV00264","ASV00265","ASV00266","ASV00267","ASV00268","ASV00269","ASV00270","ASV00271","ASV00272","ASV00273","ASV00274","ASV00275","ASV00276","ASV00277","ASV00278","ASV00279","ASV00280","ASV00281","ASV00282","ASV00283","ASV00284","ASV00285","ASV00286","ASV00287","ASV00288","ASV00289","ASV00290","ASV00291","ASV00292","ASV00293","ASV00294","ASV00295","ASV00296","ASV00297","ASV00298","ASV00299","ASV00300","ASV00301","ASV00302","ASV00303","ASV00304","ASV00305","ASV00306","ASV00307","ASV00308","ASV00309","ASV00310","ASV00311","ASV00312","ASV00313","ASV00314","ASV00315","ASV00316","ASV00317","ASV00318","ASV00319","ASV00320","ASV00321","ASV00322","ASV00323","ASV00324","ASV00325","ASV00326","ASV00327","ASV00328","ASV00329","ASV00330","ASV00331","ASV00332","ASV00333","ASV00334","ASV00335","ASV00336","ASV00337","ASV00338","ASV00339","ASV00340","ASV00341","ASV00342","ASV00343","ASV00344","ASV00345","ASV00346","ASV00347","ASV00348","ASV00349","ASV00350","ASV00351","ASV00352","ASV00353","ASV00354","ASV00355","ASV00356","ASV00357","ASV00358","ASV00359","ASV00360","ASV00361","ASV00362","ASV00363","ASV00364","ASV00365","ASV00366","ASV00367","ASV00368","ASV00369","ASV00370","ASV00371","ASV00372","ASV00373","ASV00374","ASV00375","ASV00376","ASV00377","ASV00378","ASV00379","ASV00380","ASV00381","ASV00382","ASV00383","ASV00384","ASV00385","ASV00386","ASV00387","ASV00388","ASV00389","ASV00390","ASV00391","ASV00392","ASV00393","ASV00394","ASV00395","ASV00396","ASV00397","ASV00398","ASV00399","ASV00400","ASV00401","ASV00402","ASV00403","ASV00404","ASV00405","ASV00406","ASV00407","ASV00408","ASV00409","ASV00410","ASV00411","ASV00412","ASV00413","ASV00414","ASV00415","ASV00416","ASV00417","ASV00418","ASV00419","ASV00420","ASV00421","ASV00422","ASV00423","ASV00424","ASV00425","ASV00426","ASV00427","ASV00428","ASV00429","ASV00430","ASV00431","ASV00432","ASV00433","ASV00434","ASV00435","ASV00436","ASV00437","ASV00438","ASV00439","ASV00440","ASV00441","ASV00442","ASV00443","ASV00444","ASV00445","ASV00446","ASV00447","ASV00448","ASV00449","ASV00450","ASV00451","ASV00452","ASV00453","ASV00454","ASV00455","ASV00456","ASV00457","ASV00458","ASV00459","ASV00460","ASV00461","ASV00462","ASV00463","ASV00464","ASV00465","ASV00466","ASV00467","ASV00468","ASV00469","ASV00470","ASV00471","ASV00472","ASV00473","ASV00474","ASV00475","ASV00476","ASV00477","ASV00478","ASV00479","ASV00480","ASV00481","ASV00482","ASV00483","ASV00484","ASV00485","ASV00486","ASV00487","ASV00488","ASV00489","ASV00490","ASV00491","ASV00492","ASV00493","ASV00494","ASV00495","ASV00496","ASV00497","ASV00498","ASV00499","ASV00500","ASV00501","ASV00502","ASV00503","ASV00504","ASV00505","ASV00506","ASV00507","ASV00508","ASV00509","ASV00510","ASV00511","ASV00512","ASV00513","ASV00514","ASV00515","ASV00516","ASV00517","ASV00518","ASV00519","ASV00520","ASV00521","ASV00522","ASV00523","ASV00524","ASV00525","ASV00526","ASV00527","ASV00528","ASV00529","ASV00530","ASV00531","ASV00532","ASV00533","ASV00534","ASV00535","ASV00536","ASV00537","ASV00538","ASV00539","ASV00540","ASV00541","ASV00542","ASV00543","ASV00544","ASV00545","ASV00546","ASV00547","ASV00548","ASV00549","ASV00550","ASV00551","ASV00552","ASV00553","ASV00554","ASV00555","ASV00556","ASV00557","ASV00558","ASV00559","ASV00560","ASV00561","ASV00562","ASV00563","ASV00564","ASV00565","ASV00566","ASV00567","ASV00568","ASV00569","ASV00570","ASV00571","ASV00572","ASV00573","ASV00574","ASV00575","ASV00576","ASV00577","ASV00578","ASV00579","ASV00580","ASV00581","ASV00582","ASV00583","ASV00584","ASV00585","ASV00586","ASV00587","ASV00588","ASV00589","ASV00590","ASV00591","ASV00592","ASV00593","ASV00594","ASV00595","ASV00596","ASV00597","ASV00598","ASV00599","ASV00600","ASV00601","ASV00602","ASV00603","ASV00604","ASV00605","ASV00606","ASV00607","ASV00608","ASV00609","ASV00610","ASV00611","ASV00612","ASV00613","ASV00614","ASV00615","ASV00616","ASV00617","ASV00618","ASV00619","ASV00620","ASV00621","ASV00622","ASV00623","ASV00624","ASV00625","ASV00626","ASV00627","ASV00628","ASV00629","ASV00630","ASV00631","ASV00632","ASV00633","ASV00634","ASV00635","ASV00636","ASV00637","ASV00638","ASV00639","ASV00640","ASV00641","ASV00642","ASV00643","ASV00644","ASV00645","ASV00646","ASV00647","ASV00648","ASV00649","ASV00650","ASV00651","ASV00652","ASV00653","ASV00654","ASV00655","ASV00656","ASV00657","ASV00658","ASV00659","ASV00660","ASV00661","ASV00662","ASV00663","ASV00664","ASV00665","ASV00666","ASV00667","ASV00668","ASV00669","ASV00670","ASV00671","ASV00672","ASV00673","ASV00674","ASV00675","ASV00676","ASV00677","ASV00678","ASV00679","ASV00680","ASV00681","ASV00682","ASV00683","ASV00684","ASV00685","ASV00686","ASV00687","ASV00688","ASV00689","ASV00690","ASV00691","ASV00692","ASV00693","ASV00694","ASV00695","ASV00696","ASV00697","ASV00698","ASV00699","ASV00700","ASV00701","ASV00702","ASV00703","ASV00704","ASV00705","ASV00706","ASV00707","ASV00708","ASV00709","ASV00710","ASV00711","ASV00712","ASV00713","ASV00714","ASV00715","ASV00716","ASV00717","ASV00718","ASV00719","ASV00720","ASV00721","ASV00722","ASV00723","ASV00724","ASV00725","ASV00726","ASV00727","ASV00728","ASV00729","ASV00730","ASV00731","ASV00732","ASV00733","ASV00734","ASV00735","ASV00736","ASV00737","ASV00738","ASV00739","ASV00740","ASV00741","ASV00742","ASV00743","ASV00744","ASV00745","ASV00746","ASV00747","ASV00748","ASV00749","ASV00750"
"OCI-004-R013",49504,79412,52,114,0,143,0,1595,591,1,1,0,6,13,0,0,1,263,0,0,2,149,3,0,130,0,302,0,0,0,0,0,0,0,0,0,378,0,3,0,369,0,14,0,0,7,0,256,0,0,0,69,548,9,40,9,0,0,1,0,119,234,70,0,2,0,0,3,0,4,161,2,1,245,0,248,0,0,3,424,4,0,2,3,0,0,0,1,0,11,0,1,0,1,0,0,3,2,0,0,0,0,0,0,0,0,0,0,6,0,0,0,0,0,2,5,0,0,0,0,0,0,0,0,0,2,0,1,8,0,0,2,0,0,0,0,0,70,74,0,0,0,0,0,1,0,0,3,0,62,0,0,0,0,8,0,0,0,1,0,0,0,3,1,0,0,0,5,0,0,3,0,0,0,0,0,1,0,0,0,6,0,0,0,0,0,0,0,0,0,0,0,0,17,2,0,0,0,0,1,0,0,8,0,0,2,1,0,0,0,0,0,0,11,0,0,0,0,0,0,0,2,0,1,0,0,0,0,3,0,0,0,24,0,24,1,3,0,0,0,0,0,0,2,0,0,0,0,0,0,0,0,0,0,0,0,0,0,0,10,0,1,0,9,0,0,0,0,0,0,0,1,0,0,0,0,1,0,0,0,0,0,0,0,0,0,0,5,0,0,0,0,0,0,0,1,0,0,0,0,0,0,0,0,0,0,0,1,0,2,1,0,0,0,0,0,0,2,2,0,0,0,0,0,0,0,0,0,0,0,0,0,0,0,1,0,0,0,0,0,0,0,0,0,3,0,0,0,0,0,0,5,0,0,0,0,0,0,0,0,0,0,0,0,0,0,0,0,0,0,0,0,0,0,0,0,2,1,1,0,0,0,4,0,0,0,3,0,0,0,0,0,0,0,0,0,0,0,0,0,0,0,22,5,0,0,0,0,0,0,0,0,0,0,0,0,0,1,0,0,0,0,0,0,0,0,0,0,0,0,0,0,0,2,2,2,1,1,0,0,0,0,0,0,0,1,0,0,0,0,0,0,0,0,0,0,0,4,2,1,0,0,0,9,1,0,0,0,0,0,0,0,4,2,0,0,0,0,0,0,0,0,0,0,0,0,0,0,1,0,0,0,0,0,0,0,0,10,1,0,0,0,0,0,0,0,0,0,0,12,0,0,0,0,0,0,0,0,0,0,0,0,0,0,0,0,0,0,0,0,0,0,0,0,0,0,0,0,0,0,0,0,0,0,0,0,0,0,0,0,1,0,0,0,0,0,0,0,0,0,0,0,3,0,0,0,0,0,0,0,0,0,0,0,0,0,0,0,0,0,0,0,0,0,0,0,0,0,0,0,0,0,0,2,0,0,0,0,0,0,0,0,0,0,0,0,0,0,0,0,0,0,0,0,3,1,0,0,0,0,0,0,0,0,0,0,0,0,0,0,0,0,0,0,0,0,0,0,0,0,0,0,0,0,1,1,0,0,0,0,0,0,0,0,0,0,0,0,0,0,0,0,0,0,0,0,0,0,3,0,0,0,0,0,0,0,0,0,0,0,0,0,0,0,0,4,0,0,0,0,0,0,0,0,0,0,0,0,0,0,0,0,0,2,0,0,0,0,0,0,0,0,0,0,0,0,0,0,0,0,0,0,0,0,0,0,0,0,0,0,0,0,0,0,0,0,0,0,0,0,0,0,0,0,0,0,0,0,0,0
"OCI-004-R014",105755,5032,38,204,0,1024,0,6926,7504,1,2,8,11,111,0,0,0,761,0,0,0,94,12,0,405,0,665,0,0,1,0,0,0,1,0,1,405,0,12,0,716,2,9,0,5,15,0,238,0,2,0,139,0,38,306,20,0,0,0,0,284,597,600,6,5,0,6,16,0,23,648,10,0,381,0,0,0,0,2,167,11,1,0,3,0,0,0,0,0,9,0,0,0,22,0,1,58,4,0,0,0,164,0,2,1,1,0,3,198,0,0,1,8,0,7,0,0,0,0,0,0,17,0,0,0,0,1,8,5,0,1,2,1,0,0,0,0,220,2,0,0,0,0,0,47,4,0,3,0,6,2,0,1,0,26,0,0,0,0,0,0,0,0,10,0,0,0,202,0,0,7,0,0,4,0,5,0,2,0,0,6,0,8,0,1,3,0,0,0,0,0,0,0,11,14,0,4,0,0,0,0,0,132,0,0,5,44,0,7,0,0,0,0,0,0,0,0,0,0,0,0,31,0,0,4,0,0,1,0,0,0,0,40,0,8,0,3,0,2,2,0,0,3,0,0,0,0,0,4,0,9,0,0,0,0,0,0,0,3,23,0,0,0,0,4,0,2,4,0,0,0,24,1,0,0,0,0,1,0,0,1,0,0,2,0,0,0,0,31,0,0,18,8,0,0,16,4,3,0,0,5,0,5,1,0,0,0,0,0,3,2,0,0,0,0,0,0,1,56,0,0,0,0,0,0,0,0,0,0,0,0,0,0,0,12,0,0,0,0,1,0,0,0,0,2,2,0,0,0,0,0,1,40,0,0,0,0,0,0,0,1,0,0,0,0,0,0,0,0,0,0,1,0,0,0,0,2,2,7,2,0,0,1,0,0,0,4,2,2,0,0,0,0,0,0,5,3,0,0,0,0,0,5,2,5,1,0,0,0,0,0,4,3,0,0,0,0,2,8,0,0,0,0,0,0,0,0,0,0,0,0,0,0,0,22,0,4,0,1,0,0,0,0,0,0,2,4,0,0,0,0,0,0,0,0,0,0,0,14,22,0,0,0,2,6,2,0,0,0,0,0,0,11,0,9,0,0,0,0,0,0,7,1,0,0,0,0,0,2,18,3,1,0,0,0,0,0,0,2,6,2,2,2,0,0,0,0,0,0,0,1,0,0,0,0,0,0,0,0,1,1,1,0,0,0,0,0,0,0,0,0,0,0,0,0,0,1,1,0,0,0,0,0,4,1,0,0,0,0,0,0,1,1,0,0,0,0,0,0,0,0,0,7,1,1,1,0,0,0,0,0,0,0,0,0,0,0,0,5,4,0,0,0,0,0,0,0,0,0,0,0,0,0,4,1,1,0,0,0,0,0,0,0,0,0,0,0,0,0,0,0,0,0,0,0,0,7,5,2,1,0,0,0,0,0,0,0,5,1,1,0,0,0,0,0,0,0,0,0,0,0,0,0,0,0,0,4,1,0,0,0,0,0,0,0,0,0,0,0,0,0,0,0,0,0,0,0,0,0,5,0,0,0,0,0,0,0,0,0,0,0,0,0,0,0,0,3,1,0,0,0,0,0,0,0,0,0,0,0,0,0,0,0,0,2,2,0,0,0,0,0,0,0,0,0,0,0,0,0,0,0,0,0,0,0,0,0,2,2,0,0,0,0,0,0,0,0,0,0,0,0,0,0,0,0,0,0,0,0,0
"OCI-004-R015",112943,45957,51,205,0,23,0,211,75,3,0,0,0,4,0,0,0,24,0,0,0,11,0,0,71,0,95,0,0,0,0,0,0,0,0,0,307,0,0,0,210,1,0,0,0,0,0,284,0,0,0,100,665,1,2,0,0,0,0,0,42,76,35,0,0,0,0,3,0,1,25,0,0,125,0,140,0,0,0,134,1,0,0,0,0,0,0,0,1,1,0,0,0,3,0,0,2,0,0,0,0,0,0,0,0,0,1,1,0,0,0,0,1,0,0,0,0,0,0,0,0,0,0,0,0,0,0,0,0,0,3,1,0,0,0,0,0,9,47,0,0,0,0,0,2,0,0,0,0,45,0,0,0,0,0,0,0,0,0,0,0,0,1,1,0,0,0,7,0,0,0,0,0,0,0,0,0,0,0,0,0,0,0,0,0,0,0,0,0,0,0,0,0,0,0,0,0,0,0,0,0,0,0,0,0,0,0,0,1,0,0,0,0,0,0,0,0,0,0,0,0,3,0,0,0,0,0,0,0,0,0,0,2,0,26,0,0,0,0,0,0,0,0,1,0,0,0,0,0,0,0,0,0,0,0,0,0,0,0,3,0,0,0,13,0,0,0,0,0,0,0,2,0,0,0,0,0,1,0,0,0,0,0,0,0,0,0,0,0,0,0,0,2,0,0,0,0,1,0,0,0,0,0,0,0,0,0,0,0,0,0,0,0,0,0,0,0,1,0,0,0,0,2,0,0,0,0,0,0,0,0,0,0,0,0,0,0,0,0,2,1,0,0,0,0,0,0,0,0,0,0,39,0,0,0,0,0,0,0,0,0,0,0,0,0,0,0,0,0,0,0,0,0,0,0,0,0,0,0,0,0,0,8,0,0,0,4,0,0,1,0,0,0,0,0,0,0,0,0,0,0,0,6,2,0,0,0,0,0,0,0,0,0,0,0,0,0,0,0,3,0,0,0,0,0,0,0,0,0,0,0,0,0,0,0,0,1,0,0,0,0,0,0,0,0,0,0,0,0,0,0,0,1,0,0,0,0,0,5,1,0,0,0,4,0,0,0,0,0,0,0,0,1,0,0,0,0,0,0,0,0,0,0,0,0,0,0,0,0,0,0,0,0,0,0,0,0,9,0,0,0,0,0,0,0,0,0,0,0,0,0,0,0,0,0,0,0,0,0,0,0,0,0,0,0,0,0,0,0,0,0,0,0,0,0,0,0,0,0,0,0,0,0,0,0,0,0,0,0,0,0,0,0,0,0,0,0,0,0,0,0,0,2,0,0,0,0,0,0,0,0,0,0,0,0,0,0,0,0,0,0,0,0,0,0,0,0,0,0,0,0,0,0,3,0,0,0,0,0,0,0,0,0,0,0,0,0,0,0,0,0,0,0,0,5,1,0,0,0,0,0,0,0,0,0,0,0,0,6,0,0,0,0,0,0,0,0,0,0,0,0,0,0,0,0,0,0,0,2,0,0,0,0,0,0,0,0,0,0,0,0,0,0,0,0,0,0,0,0,0,0,0,0,0,0,0,0,0,0,0,0,0,0,0,0,0,0,0,0,0,0,0,0,0,0,0,0,0,0,0,0,0,0,0,1,0,0,0,0,0,0,0,0,0,0,0,0,0,0,0,0,0,0,0,0,0,0,0,0,2,0,0,0,0,0,0,0,0,0,0,0,0,0,0,0,0,0,0,0,0
"OCI-004-R016",30449,110314,49,65,0,333,0,337,11,1202,0,0,8,6,0,0,0,3986,0,0,0,370,63,0,8,0,56,0,0,0,0,0,0,0,0,3,92,0,3,0,104,1,20,0,0,10,0,34,0,0,0,10,64,443,0,173,0,0,192,0,19,10,48,0,4,0,0,2,0,12,0,4,0,3,3,160,0,0,0,2,3,109,1,5,0,0,0,0,0,274,1,0,0,0,0,0,13,0,0,0,0,34,0,0,0,0,0,0,16,0,0,0,1,0,27,54,0,0,0,0,0,0,1,0,0,0,0,0,124,0,0,0,0,0,0,0,1,1,106,0,0,0,0,0,12,1,0,2,0,123,0,0,0,0,19,0,0,0,1,0,1,0,207,0,0,0,0,0,0,0,0,0,0,1,0,0,0,0,0,0,23,0,7,0,0,0,0,0,0,0,0,0,0,4,1,0,3,2,0,12,0,0,1,0,0,0,0,0,2,0,0,0,0,1,0,0,0,0,0,0,0,8,0,2,44,0,0,1,0,0,0,0,0,0,24,0,0,0,0,0,0,0,0,1,3,1,0,0,27,0,7,0,0,0,0,3,0,0,1,11,0,21,0,28,2,0,0,9,0,0,0,0,0,0,0,0,0,0,1,16,0,0,0,1,0,0,0,14,25,4,0,0,3,0,0,5,6,8,0,0,0,0,0,0,29,0,0,1,0,0,1,0,0,0,0,0,0,1,2,1,0,0,0,0,0,1,0,0,0,0,0,0,0,0,13,0,0,0,2,3,3,0,0,0,4,3,0,0,0,1,0,0,0,0,0,0,0,0,0,0,0,0,0,0,0,0,0,0,0,0,0,9,0,0,0,0,3,0,0,0,0,0,1,0,0,0,1,0,1,0,0,0,0,0,0,0,3,1,0,0,0,0,0,1,0,0,1,0,0,0,0,4,7,0,0,0,0,2,1,0,1,0,0,0,0,0,0,0,0,0,0,0,0,2,0,7,1,1,10,1,0,0,0,0,0,0,0,4,1,0,0,0,0,1,0,0,0,0,0,0,0,0,0,0,4,1,0,0,0,0,0,0,0,0,0,13,0,0,0,0,0,1,0,0,0,0,0,0,0,0,0,1,0,0,0,0,0,0,0,0,1,3,0,11,0,0,0,0,0,0,0,5,0,0,0,0,0,0,0,0,0,0,0,0,0,0,0,0,2,1,0,0,0,0,0,0,0,0,0,0,0,0,0,0,1,7,4,2,1,0,0,0,0,3,1,0,0,0,0,0,0,0,0,0,0,0,1,0,0,2,0,0,0,0,0,0,0,0,0,4,4,1,1,0,0,0,0,0,0,0,0,0,0,0,0,3,6,2,0,0,0,0,0,0,0,0,0,0,0,0,0,0,0,0,0,0,0,0,0,0,0,0,0,0,0,0,0,0,0,0,1,1,0,0,0,0,0,0,0,0,0,0,0,0,0,1,0,0,0,3,2,0,0,0,0,0,0,0,0,0,0,0,0,0,0,0,0,0,0,0,1,1,1,1,0,0,0,0,0,0,0,0,0,0,0,0,0,0,0,0,0,0,0,0,0,0,0,0,0,0,0,0,0,1,0,0,0,0,0,0,0,0,0,0,0,0,0,0,0,0,0,0,0,0,0,0,0,0,0,0,2,2,2,2,1,1,0,0,0,0,0,0,0,0,0,0,0,0,0,0
"OCI-004-R017",13720,124771,66,46,0,6,0,4,4,731,1,0,12,4,0,0,0,41,0,1,1,806,11,0,8,0,68,0,0,0,0,0,0,0,0,1,142,0,0,0,84,0,20,0,0,1,0,122,0,0,0,4,21,11,0,57,0,0,55,0,50,3,16,2,12,0,0,0,0,17,0,8,0,5,0,212,0,0,0,1,10,31,0,0,0,0,0,0,0,48,0,0,0,0,0,0,47,0,0,0,0,23,0,1,0,0,0,0,0,2,0,0,0,0,31,11,0,0,0,0,0,0,4,0,0,0,0,6,30,0,0,0,0,0,0,0,0,0,68,0,0,0,0,0,10,0,0,2,0,19,0,0,0,0,5,0,0,0,0,0,0,1,13,0,0,0,0,0,2,1,0,0,0,0,0,0,0,0,0,0,1,0,4,0,0,0,0,0,0,0,0,1,0,37,0,0,4,0,0,2,0,0,1,0,0,0,1,0,1,1,0,0,0,15,0,0,0,0,0,0,0,12,0,0,13,0,0,0,0,0,0,0,1,0,5,0,0,0,1,0,0,0,0,0,0,0,0,0,5,0,2,1,0,0,0,0,0,0,0,4,0,4,0,33,0,0,1,3,0,0,0,0,0,0,0,0,0,0,0,5,0,0,0,0,0,0,0,29,0,0,0,1,6,0,0,6,3,8,0,0,0,0,1,0,5,0,0,0,0,0,1,0,0,0,0,0,0,1,0,1,0,0,0,0,0,0,0,0,0,0,0,0,0,0,1,0,0,0,0,0,1,0,0,0,5,0,0,0,0,0,0,0,0,4,0,0,0,0,0,0,0,0,0,0,0,0,0,0,0,0,0,0,0,0,0,0,0,0,21,2,1,0,0,32,0,0,1,1,1,0,0,0,0,0,0,4,3,0,0,0,0,0,0,1,0,0,0,0,0,0,0,0,0,0,0,0,0,3,1,0,0,0,0,0,0,0,0,0,0,0,0,0,0,0,0,6,3,1,0,6,1,0,0,0,0,0,0,0,7,0,0,0,0,0,0,0,0,14,0,0,0,0,0,0,0,1,0,0,0,0,0,0,0,0,0,1,0,0,0,0,0,2,1,1,0,0,0,0,0,0,0,4,0,0,0,0,0,0,0,0,1,0,2,0,0,0,0,0,0,0,0,3,1,0,0,0,0,0,0,0,0,0,1,1,0,0,0,0,1,0,0,0,0,0,0,0,0,0,4,0,0,0,0,0,1,0,4,1,0,3,0,0,0,0,0,0,0,0,0,0,0,0,0,1,0,0,1,0,0,2,0,0,0,0,0,0,0,0,1,0,0,0,0,5,0,0,0,0,0,0,0,0,0,0,0,0,0,3,4,3,0,0,0,0,0,0,0,0,0,0,0,0,0,0,0,4,1,0,0,0,0,0,0,0,0,0,0,0,0,0,1,0,1,0,0,0,0,0,0,0,0,0,0,0,0,0,0,0,1,0,0,0,0,0,0,0,0,0,0,0,0,0,0,0,0,0,0,0,0,0,1,0,1,0,5,1,1,1,0,0,0,0,0,0,0,0,0,0,4,2,1,1,0,0,0,0,0,0,0,0,0,0,0,0,0,0,3,1,1,0,0,0,0,0,0,0,0,0,0,0,0,0,0,0,0,0,0,0,0,0,0,0,0,0,0,0,0,0,0,0,0,0,0,0,0,0,0,0,0,0
"OCI-004-R018",73613,241,30,42401,0,3220,0,1401,83,3324,0,0,19,21,0,0,0,302,0,0,0,1235,43,0,12,0,1822,1,0,0,0,0,0,0,0,5,781,2,9,0,570,0,1854,0,0,12,0,560,0,0,0,382,1,21,0,121,0,0,619,0,470,24,173,7,12,0,0,12,0,35,0,28,0,17,0,0,0,0,1,2,11,409,1,5,0,0,0,0,0,57,0,0,0,0,0,0,116,0,0,0,2,306,0,2,0,0,0,0,33,0,0,0,0,0,87,39,0,0,0,0,0,1,4,0,0,2,3,4,89,0,0,0,0,0,2,1,0,1,2,0,0,0,0,0,22,0,0,5,0,0,0,0,0,0,12,0,0,2,0,0,0,0,0,2,0,0,0,0,1,0,0,0,0,0,1,0,0,0,0,1,66,0,5,0,1,0,0,0,1,0,0,0,0,26,0,0,14,0,0,15,0,0,1,0,0,0,0,0,7,2,0,1,1,104,0,0,0,0,0,0,0,25,0,0,39,82,0,0,0,0,0,0,0,0,24,0,0,0,0,0,0,0,0,1,3,0,0,0,31,0,29,1,0,0,0,1,0,0,0,34,0,1,0,0,11,0,0,19,0,0,0,0,2,1,0,0,0,0,0,14,1,0,0,1,0,0,0,3,0,14,0,40,12,0,0,12,5,29,0,0,49,0,0,0,21,0,0,0,0,7,6,1,0,0,0,0,0,0,0,0,0,0,0,0,0,0,0,0,0,0,0,0,0,0,1,0,0,0,10,4,4,0,0,0,19,0,0,0,0,0,0,0,0,41,0,0,0,0,0,0,0,0,0,0,0,0,0,0,0,0,0,24,0,0,0,0,2,0,5,0,0,0,9,5,0,0,15,0,3,21,0,0,0,0,0,15,14,0,1,0,0,0,0,21,0,0,0,0,0,0,0,17,3,0,0,0,0,6,7,0,0,0,0,0,0,0,0,0,29,0,0,0,0,0,1,11,7,2,5,11,0,0,0,0,0,2,0,11,10,0,0,0,3,0,0,0,0,1,3,0,0,0,0,0,2,4,19,0,0,0,0,0,0,0,13,5,0,0,0,0,0,7,0,0,0,0,0,0,6,0,1,9,0,0,0,0,0,0,0,0,9,14,5,6,2,0,0,0,0,4,0,1,1,0,0,0,0,0,0,0,0,13,3,0,9,0,0,0,4,0,16,0,0,0,0,0,5,0,1,0,0,0,0,0,2,7,6,4,9,2,0,4,6,0,0,1,0,0,0,0,0,0,0,0,0,0,5,0,0,0,0,0,0,0,0,0,0,0,4,0,0,0,9,4,5,3,0,0,0,0,0,0,0,0,1,0,3,0,0,6,7,6,2,1,1,0,0,0,0,0,0,0,0,0,0,2,0,1,2,0,1,0,0,0,0,0,0,0,0,2,0,6,3,7,1,0,0,0,0,0,0,0,0,0,0,4,0,0,1,1,3,2,1,1,1,0,0,0,0,0,0,0,0,0,0,0,0,0,0,0,0,2,0,0,0,3,0,2,0,0,0,0,0,0,0,0,0,0,0,0,3,0,4,2,1,0,0,0,0,0,0,0,0,0,0,1,0,0,2,3,3,3,3,3,3,3,2,0,0,0,0,0,0,0,0,0,0,0,0,0,0,0,0,0,0,0,2,2,1,0,0,0,0,0,0,0,0,0,0,0
"OCI-004-R019",1966,805,109823,1581,0,302,0,6,17,3339,5,0,31,48,1,0,0,92,0,0,2,1652,26,0,52,0,573,1,0,0,0,0,0,1,0,8,243,0,4,0,1,0,42,0,0,13,0,2,0,3,0,103,0,65,0,175,0,0,249,0,24,19,0,4,23,0,0,15,0,67,1,19,0,20,0,0,0,0,0,0,24,157,1,13,0,0,0,3,0,180,0,0,0,0,0,547,123,1,0,0,1,0,0,3,0,2,501,0,51,1,0,5,11,0,83,83,0,417,0,0,1,6,8,0,0,0,2,4,120,0,0,0,0,0,0,0,1,1,1,0,1,0,0,0,27,2,0,11,0,3,0,0,1,1,46,0,0,0,0,0,0,3,0,0,1,0,0,0,1,6,0,0,0,0,0,1,6,2,0,0,62,0,15,0,0,0,0,0,0,0,0,0,0,69,3,0,24,1,0,20,0,0,9,0,0,0,4,0,4,0,0,0,0,8,0,0,0,0,0,0,0,22,2,0,23,39,0,0,4,0,1,0,0,0,0,0,3,0,7,1,0,0,1,0,2,0,1,0,11,0,33,7,0,0,0,0,0,0,9,0,0,11,0,0,1,0,0,3,4,0,0,0,1,1,0,0,1,0,0,40,0,0,0,69,0,0,0,21,16,47,0,12,12,0,0,29,13,21,0,0,14,0,0,0,12,1,0,0,0,0,2,2,0,0,0,0,0,1,0,2,0,0,0,2,1,0,1,0,0,0,0,0,0,0,25,0,0,0,1,41,5,0,0,0,4,0,0,0,3,0,0,0,1,0,2,0,0,0,0,0,0,0,0,0,0,0,0,0,0,0,0,8,0,0,0,0,31,1,6,1,0,0,16,2,0,0,10,0,4,16,0,0,0,0,0,7,12,1,0,0,0,0,0,1,1,0,0,0,0,0,0,7,19,0,0,0,0,17,14,3,0,0,0,0,0,0,0,0,0,0,0,0,0,8,1,2,11,23,10,10,0,0,0,0,0,3,0,12,7,0,0,0,22,0,2,0,0,6,1,0,0,0,0,8,10,4,4,0,0,0,0,0,6,0,0,0,1,0,0,0,0,4,1,2,0,0,0,0,11,2,1,5,1,0,0,0,0,0,0,4,6,0,10,2,17,0,0,0,0,2,0,9,5,0,0,0,0,0,0,0,0,3,0,2,8,0,0,0,9,1,0,0,0,0,0,0,7,14,3,0,0,0,0,1,9,0,0,7,4,2,0,4,3,9,0,0,0,0,0,0,0,0,0,0,0,0,3,0,0,0,0,0,0,0,0,0,0,0,0,2,6,0,0,1,5,7,0,0,0,0,0,0,0,0,1,0,0,4,5,0,2,3,7,0,1,9,0,0,0,0,0,0,0,0,0,0,0,2,4,7,0,8,0,0,0,0,0,2,0,4,5,0,3,0,1,7,7,7,1,0,0,0,0,0,2,0,2,0,2,2,1,4,5,5,1,6,6,0,0,0,0,0,0,0,0,0,0,0,0,0,3,2,2,4,0,1,0,2,5,3,0,0,0,0,0,0,1,0,0,2,0,3,0,2,3,4,0,0,0,0,0,0,0,0,0,0,0,2,0,0,0,0,0,0,0,0,1,3,3,3,3,3,0,0,0,0,0,0,0,0,0,0,0,0,1,1,0,0,1,2,2,2,0,0,0,0,0,0,0,0
"OCI-004-R020",2,0,0,0,10163,109,4527,0,201,0,4496,411,1908,2325,4568,1,3726,0,0,786,2892,3,3,0,1349,90,0,0,6,463,27,2028,1662,1,1470,1500,0,0,444,1,0,0,0,0,553,629,0,0,0,0,0,232,0,3,652,3,24,25,0,570,0,0,0,80,54,1,0,5,0,26,0,269,0,0,0,0,508,644,74,0,581,0,0,473,2,619,50,0,377,0,0,0,509,73,0,0,85,379,287,10,519,0,0,41,7,12,0,2,144,1,0,11,1,95,0,0,0,0,0,108,247,0,357,1,375,0,235,6,1,262,199,27,67,0,11,0,299,0,0,122,292,282,241,43,27,0,1,241,122,0,1,8,162,0,38,27,27,231,10,205,0,221,0,3,0,192,3,0,186,0,19,0,6,0,0,0,1,0,0,0,0,0,0,6,0,166,163,0,0,58,0,0,161,0,0,0,0,0,5,0,151,0,0,0,134,1,0,0,16,0,96,0,39,0,29,0,0,0,0,0,0,0,0,12,0,0,0,2,0,113,37,0,0,0,0,1,0,0,95,75,0,0,44,0,1,0,0,0,0,3,0,0,0,77,0,0,22,5,0,0,0,0,0,0,0,1,0,2,27,79,0,21,0,0,0,5,59,0,75,0,72,0,0,0,73,72,0,0,0,0,0,0,0,0,0,0,0,0,0,0,0,0,5,67,0,24,0,63,2,7,0,62,0,0,1,38,0,51,0,45,21,0,22,0,0,14,0,0,0,0,0,52,0,0,0,53,35,0,0,0,6,0,47,2,0,0,10,0,0,0,46,0,4,0,21,45,45,42,37,0,0,44,41,2,0,0,0,0,1,0,0,0,0,0,0,0,0,1,0,1,1,0,0,0,37,34,0,0,0,0,0,34,30,1,0,0,0,0,27,0,0,0,0,0,0,0,31,33,25,0,0,0,0,0,0,0,0,0,0,3,0,31,23,0,0,30,30,29,0,9,2,0,0,16,0,0,0,0,0,0,26,21,0,0,0,0,20,0,0,0,0,0,0,0,0,0,0,0,0,0,23,2,0,0,0,0,0,18,5,0,0,0,0,0,0,0,0,0,0,0,0,0,12,0,0,0,0,0,0,0,0,0,0,0,0,0,0,0,16,0,0,0,0,0,0,7,2,1,1,0,17,0,0,18,18,15,1,0,0,0,0,0,0,0,0,3,0,0,0,0,0,16,16,0,0,0,0,0,0,15,0,0,0,0,0,0,0,0,0,0,0,0,0,0,0,0,0,0,0,0,0,0,0,10,0,3,0,9,0,0,6,1,0,0,0,0,0,0,0,0,0,0,0,0,0,0,10,10,10,10,9,0,0,0,0,0,0,0,0,0,0,0,0,0,2,0,9,9,4,0,0,0,0,0,0,0,0,0,0,0,0,0,8,6,0,0,0,0,0,0,0,0,0,0,0,0,0,0,0,6,0,0,0,0,0,0,0,0,0,0,0,0,0,0,4,0,0,6,6,5,0,0,0,0,0,0,0,0,1,0,0,0,1,0,0,0,0,0,0,0,3,0,0,0,0,0,0,0,0,0,0,0,0,0,0,0,0,0,0,0,0,0,0,0,0,0,0,0,0,0,0,0,0,0,0,0,0,0,0,0,0,0,0,0,0,0,0,0,0,0,0,0,0,0,0,0,0,0,0,0,0,0,0,0,0,0,0,0,0,0
"OCI-004-R021",4,0,0,0,13778,6835,7430,1,1436,0,4047,36,4495,2693,1908,1,1664,58,0,3631,1566,2,3915,0,1226,3620,0,0,6,1311,1,894,813,42,695,793,0,1,549,0,0,1,0,0,1065,722,0,0,1,0,0,183,0,658,6,612,16,1073,0,505,0,0,0,658,9,886,0,59,855,308,0,2,0,0,2,0,146,102,0,0,2,0,1,179,0,3,22,0,210,0,0,0,62,70,0,0,15,157,252,509,8,0,0,463,9,165,0,267,43,0,0,452,0,369,214,0,0,0,0,89,149,1,10,0,2,0,90,336,0,31,140,0,135,315,164,0,5,0,0,176,2,12,50,247,104,0,274,0,4,0,0,244,77,0,12,221,89,4,223,25,0,3,0,12,0,30,213,0,2,0,23,0,0,187,117,0,5,0,0,31,12,0,148,179,0,12,5,175,172,115,0,0,4,0,4,0,1,0,153,0,3,0,0,151,1,1,95,0,47,11,25,0,0,0,109,0,0,0,1,0,0,0,124,79,0,0,0,1,0,3,77,0,0,0,0,0,43,0,1,1,0,0,14,2,82,101,100,0,3,0,0,0,0,15,0,0,67,0,0,0,0,46,0,0,0,0,0,4,49,0,0,29,0,2,0,66,0,0,0,0,0,0,0,0,0,1,0,0,0,7,0,0,2,0,0,0,2,0,0,0,0,0,56,0,0,20,0,1,0,20,43,0,0,0,56,2,0,2,0,11,39,0,35,0,0,43,57,0,0,0,57,4,0,0,0,0,18,0,39,0,2,50,2,47,0,42,4,0,0,0,0,0,0,0,11,0,0,3,8,0,0,0,3,0,0,0,0,0,42,0,0,0,0,40,3,0,0,0,0,0,0,0,0,0,2,5,0,0,0,0,0,0,0,35,0,0,0,0,7,0,0,0,0,0,0,0,0,0,8,33,5,0,0,0,0,0,0,0,0,22,0,0,2,31,0,0,0,1,0,0,27,0,0,0,0,0,0,0,2,0,1,7,4,0,0,19,3,0,2,27,0,0,0,0,0,0,0,0,0,0,1,22,0,0,0,0,0,5,18,2,0,0,0,0,0,3,0,22,22,0,0,0,5,11,0,0,0,0,0,0,15,0,0,20,0,0,0,0,0,0,0,0,0,0,0,12,17,6,18,0,0,0,0,0,0,2,0,0,0,0,0,0,0,0,0,14,3,0,0,5,0,0,0,0,0,0,0,0,0,0,15,14,0,0,0,0,0,0,0,0,0,0,3,0,12,12,13,0,0,0,0,0,0,0,0,1,2,0,0,0,5,10,0,0,0,0,0,0,0,0,0,0,0,0,0,0,0,0,0,0,1,0,0,0,0,0,0,0,0,0,0,0,0,0,5,0,0,0,5,0,0,0,0,0,0,0,0,0,0,0,7,0,0,2,8,0,0,0,0,0,0,0,0,0,0,0,0,0,0,1,0,0,0,0,3,0,0,0,0,0,0,0,0,0,0,0,0,0,0,0,6,0,0,0,0,0,0,0,1,0,0,0,0,0,0,0,4,0,0,0,0,0,0,0,0,0,0,0,0,0,0,0,0,0,0,0,4,4,0,0,0,0,0,0,0,0,0,0,0,0,0,0,0,0,0,0,0,0,0,0,0,0,1,0,0,0,0,0,0,0,0,0,0,0,0,0,0,0,0,0,0,0,2,2,0,0,0,0,0,0
"OCI-004-R022",1,0,0,0,2871,23,46,0,17,0,1,7747,1178,2187,0,6329,205,0,5101,309,0,0,98,3882,477,0,0,3524,3417,1574,3055,0,0,2371,202,44,0,2311,1260,2201,0,2027,0,1719,92,294,1565,0,1486,1441,1446,142,0,0,181,2,1125,45,1,0,0,0,0,165,770,0,872,746,0,355,0,471,796,0,773,0,94,0,659,0,79,0,686,0,671,3,522,587,0,0,577,573,0,385,553,0,84,0,0,20,1,0,524,8,503,339,0,222,1,476,476,0,445,0,5,234,421,0,416,215,0,369,5,384,7,379,50,15,0,64,7,308,134,6,132,308,0,0,0,0,0,0,0,0,30,273,0,3,140,0,249,0,10,249,83,0,122,0,1,0,228,0,0,195,222,0,0,0,20,204,155,207,196,9,83,193,185,194,196,163,12,188,0,1,182,0,8,0,0,0,168,165,0,0,136,160,109,156,0,105,0,153,0,0,15,139,3,148,59,130,23,141,101,0,0,138,136,136,131,132,131,25,0,30,0,0,120,113,110,0,0,115,47,112,0,109,58,109,2,28,107,105,41,95,11,0,1,100,18,95,17,87,94,0,92,86,1,83,74,0,85,0,84,0,64,0,78,36,0,0,79,1,74,74,78,6,15,74,0,0,0,74,74,0,0,0,73,0,0,0,72,0,26,71,71,1,37,0,70,70,1,69,1,0,0,20,67,0,64,26,9,0,65,65,7,22,61,0,0,0,0,60,0,57,58,0,0,58,58,58,0,0,56,54,0,0,0,53,0,0,28,0,0,0,11,1,34,48,44,45,0,0,0,0,11,0,0,0,0,45,43,0,0,42,44,44,44,44,0,43,43,0,42,1,38,41,0,35,0,34,38,40,0,0,0,0,0,35,27,0,38,3,7,0,36,4,0,33,0,35,35,35,0,0,27,32,1,0,0,0,28,0,0,32,32,32,32,0,0,0,30,0,6,0,31,0,0,0,0,20,0,29,29,0,2,0,0,0,0,0,0,0,24,28,28,0,0,0,0,0,27,27,0,25,24,26,26,0,0,0,0,0,24,0,0,11,0,0,0,21,23,23,0,20,0,0,21,0,0,22,22,0,1,7,21,21,21,21,0,0,0,0,19,0,20,20,20,0,0,9,0,0,0,0,0,0,0,12,0,0,0,0,11,0,0,1,17,18,18,16,16,0,13,14,0,0,14,17,0,9,0,0,0,16,16,16,2,0,7,0,0,1,15,9,0,0,0,0,0,7,12,4,0,1,0,0,0,13,13,13,13,13,0,0,11,7,0,3,12,7,0,0,11,11,11,11,11,11,0,0,0,9,0,0,0,0,0,0,0,0,0,10,10,0,6,5,0,0,0,0,0,0,0,8,0,0,0,0,0,9,9,9,9,9,0,0,0,0,0,0,0,0,0,0,0,8,8,0,0,0,0,0,0,0,5,0,0,0,6,0,7,7,7,7,0,0,0,5,0,0,0,0,0,0,0,0,0,0,0,1,0,6,6,6,6,6,6,6,0,0,0,0,0,0,0,0,0,0,0,2,2,5,5,5,5,0,0,3,0,0,0,0,0,0,0,0,0,0,4,4,4,4,4,0,0,0,0,0,0,0,0,0,0,0,0,0,0,0,0,0,0,0,2,3,3,3,3,0,0,0,0,0,0,0,0,0,0,0,0,0,0,0,0,0,2,2,2,2,2,2
"OCI-004-R024",0,0,0,0,0,0,0,0,0,0,0,0,0,1,0,0,0,0,1,0,0,0,0,0,0,0,0,0,0,0,0,1,0,0,0,0,0,0,0,0,0,0,0,0,0,0,0,0,0,0,0,0,0,0,0,0,0,0,0,0,0,0,0,0,0,0,0,0,0,0,0,1,0,0,0,0,0,0,0,0,0,0,0,0,0,0,0,0,0,0,0,0,0,0,0,0,0,0,0,0,0,0,0,0,0,0,0,0,0,0,0,0,0,0,0,0,0,0,0,0,0,0,0,0,0,0,0,0,0,0,0,0,0,0,0,0,0,0,0,0,0,0,0,0,0,0,0,0,0,0,0,0,0,0,0,0,0,0,0,0,0,0,0,0,0,0,0,0,0,0,0,0,0,0,0,0,0,0,0,0,0,0,0,0,0,0,0,0,0,0,0,0,0,0,0,0,0,0,0,0,0,0,0,0,0,0,0,0,0,0,0,0,0,0,0,0,0,0,0,0,0,0,0,0,0,0,0,0,0,0,0,0,0,0,0,0,0,0,0,0,0,0,0,0,0,0,0,0,0,0,0,0,0,0,0,0,0,0,0,0,0,0,0,0,0,81,0,0,0,0,0,0,0,0,0,0,0,0,0,0,0,0,0,0,0,0,0,0,0,0,0,0,0,0,0,0,0,0,0,0,0,0,0,0,0,2,0,0,0,0,0,0,0,0,0,0,0,0,0,0,0,0,0,0,0,0,0,0,0,0,0,0,0,0,0,0,0,0,0,0,0,0,0,0,0,0,0,0,0,0,0,0,0,0,0,0,0,0,0,0,0,0,0,0,0,0,0,0,0,0,0,0,0,0,0,0,0,0,0,0,0,0,0,0,0,0,0,0,0,0,0,0,0,0,0,0,0,0,0,0,0,0,0,0,0,0,0,0,0,0,0,0,0,0,0,0,0,0,0,0,0,0,0,0,0,0,0,0,0,0,0,0,0,0,0,0,0,0,0,0,0,0,0,0,0,0,0,0,0,0,0,0,0,0,0,0,0,0,0,0,0,0,0,0,0,0,0,0,0,0,0,0,0,0,0,0,0,0,0,0,0,0,0,0,0,0,0,0,0,0,0,0,0,0,0,0,0,0,0,0,0,0,0,0,0,0,0,0,0,0,0,0,0,0,0,0,0,0,0,0,0,0,0,0,0,0,0,0,0,0,0,0,0,0,0,0,0,0,0,0,0,0,0,0,0,0,0,0,0,0,0,0,0,0,0,0,0,0,0,0,0,0,0,0,0,0,0,0,0,0,0,0,0,0,0,0,0,0,0,0,0,0,0,0,0,0,0,0,0,0,0,0,0,0,0,0,0,0,0,0,0,0,0,0,0,0,0,0,0,0,0,0,0,0,0,0,0,0,0,0,0,0,0,0,0,0,0,0,0,0,0,0,0,0,0,0,0,0,0,0,0,0,0,0,0,0,0,0,0,0,0,0,0,0,0,0,0,0,0,0,0,0,0,0,0,0,0,0,0,0,0,0,0,0,0,0,0,0,0,0,0,0,0,0,0,0,0,0,0,0,0,0,0,0,0,0,0,0,0,0,0,0,0,0,0,0,0,0,0,0,0,0,0,0,0,0,0,0,0,0,0,0,0,0,0,0,0,0,0,0,0,0,0,0,0,0,0,0,0,0,0,0,0,0,0,0,0,0,0,0
