"","Sample_ID","Sample_Name2","Description","index","I7_Index_ID","index2","I5_Index_ID","Sample_Project","Description2","Primer","sample_nc","rarefied","original_reads","original_n_taxa","original_coverage","rarefied_reads","rarefied_n_taxa","rarefied_pred_n_taxa","rarefied_coverage","correct_singletons"
"S017","NOV-001-S017","S017","Dc671F_Ch01-02","ACCCAGCA","A705","AAGGTTCA","A501","Cetacea_eDNA","Ch01-02","Dc671F_Dc1015R","sample",TRUE,77531,47,0.999922612598682,7674,32,31.7047057459975,0.998999985313035,FALSE
"S018","NOV-001-S018","S018","Dc671F_Ch03","ACCCAGCA","A705","ACTTAGCA","A502","Cetacea_eDNA","Ch03","Dc671F_Dc1015R","sample",TRUE,106727,29,0.999962521550112,3599,20,18.9124244333889,0.999000032268075,FALSE
"S019","NOV-001-S019","S019","Dc671F_Ch04","ACCCAGCA","A705","AGAGAACA","A503","Cetacea_eDNA","Ch04","Dc671F_Dc1015R","sample",TRUE,88643,57,0.999909752383124,11593,37,37.2137794156644,0.999000036990686,FALSE
"S020","NOV-001-S020","S020","Dc671F_Ch05","ACCCAGCA","A705","GTGTCTTA","A504","Cetacea_eDNA","Ch05","Dc671F_Dc1015R","sample",TRUE,77508,47,0.999922589967677,9126,31,31.4471951189553,0.998999953087605,FALSE
"S021","NOV-001-S021","S021","Dc671F_Ch06-07","ACCCAGCA","A705","TCGATTAG","A505","Cetacea_eDNA","Ch06-07","Dc671F_Dc1015R","sample",TRUE,82566,69,0.99989099922761,13225,48,46.0115632161401,0.998999991101513,FALSE
"S022","NOV-001-S022","S022","Dc671F_Ch08","ACCCAGCA","A705","TGTTCTAG","A506","Cetacea_eDNA","Ch08","Dc671F_Dc1015R","sample",TRUE,80804,44,1,6283,32,32.5461248113723,0.999000066710468,FALSE
"S023","NOV-001-S023","S023","Dc671F_Ch09","ACCCAGCA","A705","GGAACTTA","A507","Cetacea_eDNA","Ch09","Dc671F_Dc1015R","sample",TRUE,100330,32,0.999980065981603,3182,26,24.9390692066393,0.999000129499181,FALSE
"S025","NOV-001-S025","S025","Dc671F_OP01","AACCCCTC","A706","AGGCTATA","D501","Cetacea_eDNA","OP01","Dc671F_Dc1015R","sample",TRUE,1,1,1,0,0,1,1,FALSE
"S026","NOV-001-S026","S026","Dc671F_OP02","AACCCCTC","A706","GCCTCTAT","D502","Cetacea_eDNA","OP02","Dc671F_Dc1015R","sample",FALSE,2,2,0.666666666666667,2,2,NA,NA,FALSE
"S030","NOV-001-S030","S030","Dc671F_BT2","AACCCCTC","A706","TAAGATTA","D506","Cetacea_eDNA","BT2","Dc671F_Dc1015R","sample",TRUE,10222,1,1,10222,1,1,1,FALSE
